Дата,Подія,Опис,Традиції
30 лис,,"АНДРІЇВ ДЕНЬ -- свято 30 листопада/13 грудня, коли дівчата й хлопці, заздалегідь домовившись про збори в якомусь домі, влаштовують гадання про своє майбутнє.",Балабушок роблять за кількістю дівчат і кладуть на ослони парами.
13 гру,,"АНДРІЇВ ДЕНЬ -- свято 30 листопада/13 грудня, коли дівчата й хлопці, заздалегідь домовившись про збори в якомусь домі, влаштовують гадання про своє майбутнє.",Балабушок роблять за кількістю дівчат і кладуть на ослони парами.
25 жов,,АНДРОНІВ ДЕНЬ -- 25 жовтня.,"Милорадович, «Народньс обрядь и пссни Лубенского усзда Полтавской губерний..», 0.22. М.Слободянюк, «Міфологічні образи Вссни в піснях і обрядах східних слов'ян», с.209-210. О.Курочкін, «Українські новорічні обряди...», с.69, 97. У стародавніх письменах так гово14 риться про антів: «Усі вони високі й надзвичайно міцні."
30 січ,,АНТОН ПЕРЕЗИМНИК -- день 17 / 30 січня.,
2 лис,,АРТЕМІВ ДЕНЬ -- 2 листопада.,
21 січ,,У болгар Бабин день -- день бабиповитухи (8/21 січня).,«Баба» в українських пожнивних обрядах означає останній сніп.
21 вер,,"З початком «молодого» Бабиного літа, 21 що припадає на 1Ї вересня, освячували хліб та нові криниці, а на Пречисту гадали, яка буде погода на «старе» Бабине літо (14--21 вересня).",
30 вер,,БАБ'ЯЧЕ ГОЛОСІННЯ -- день 30 вересня.,
1 лис,,"-- демонологічний персонаж у подобі чоловічка з довгим волоссям, покритого брудом 1 листям від віників, а також собаки, кішки, білого зайця тощо.",
30 кві,,Зосима Бджоляра (17/30 квітня) виставляли вулики на,
27вер,,"В день Сави (27вересня/1Ожовтня) пасічники ховали вулики на зиму і заставляли молитися дітей, бо Їхня молитва найбільш «угодна» Богові: «Дай, Господи, щоб бджілки водилися, мед носили 1 не вмирали».",
25 БЕР,,Page 25 БЕРЕГИНЯ зможуть потрапити у рай і вужі будуть ссати їхні груди.,
1 бер,,"Захарука Ім'я берегині (у формі множини) неодноразово згадується у писемних джерелах ХІ- ХУ ст., зокрема у «Слові про ідолів» (ХІЇ ст.), відомому також під назвою «Слово святого Григорія»: «Це ж словени почали трапезу ставити Роду 1 рожаницям раніше їхнього бога Перуна, а ще раніше клали треби |їжу| упирям 1 берегиням».",
26 бер,,"БЛАГОВІСНИК -- день після Благовіщення (26 березня / 7 квітня), коли мати-земля пробуджується від зимового сну.","О.Воропай, «Звичаї нашого народу», т."
7 кві,,"БЛАГОВІСНИК -- день після Благовіщення (26 березня / 7 квітня), коли мати-земля пробуджується від зимового сну.","О.Воропай, «Звичаї нашого народу», т."
25 бер,,"Споконвіку зустріч нового хліборобського року наші предки називали Благовіщенням, яке відзначалося 25 березня / 6 квітня і зустрічалося веснянками-щедрівками.","О.Воропай, «Звичаї нашого народу», т."
6 кві,,"Споконвіку зустріч нового хліборобського року наші предки називали Благовіщенням, яке відзначалося 25 березня / 6 квітня і зустрічалося веснянками-щедрівками.","О.Воропай, «Звичаї нашого народу», т."
25 бер,,"У переддень Благовіщення (25 березня - - початок весни, поява громовниці) палили солом'яні ліжники, стрибали через вогонь 1 обкурювали димом одежу, щоб прогнати нечисту силу.",Був звичай у діжку з зерном ставити ікону Пресвятої Богородиці.
6 сер,,"БОРИСІВ ДЕНЬ -- 6 серпня. День пам'яті Бориса й Гліба називали Баришдень, а про 6 серпня казали так: «Борис 1 Гліб -- достиг хліб», 15 травня промовляли: «Борис 1 Гліб сіяли хліб».",
6 сер,,"БОРИСІВ ДЕНЬ -- 6 серпня. День пам'яті Бориса й Гліба називали Баришдень, а про 6 серпня казали так: «Борис 1 Гліб -- достиг хліб», 15 травня промовляли: «Борис 1 Гліб сіяли хліб».",
15 тра,,"День пам'яті Бориса й Гліба називали Баришдень, а про 6 серпня казали так: «Борис 1 Гліб -- достиг хліб», 15 травня промовляли: «Борис 1 Гліб сіяли хліб».",
23 кві,,"Юрія (Єгора, Георгія; 23 квітня / б травня) не стають босими ногами на підлогу, аби влітку не зустрічатися зі зміями.","У деяких календарних обрядах босота - атрибут таких магічних дійств, як оббігання дому, оборювання села, викликання дощу та ін. Подекуди обидві ознаки (голий--босий) розподілялися між учасниками обряду. Так, у південнослов'янському обряді «водіння Додоли» або у білоруському ритуалі «водіння Куста» прикрашена зеленню дівчина мала."
1 тра,,ВАЛЬПУРГІЄВА НІЧ -- найбільший шабаші відьом напередодні 1 травня.,
17гру,,"С.Наливайко, «Трипілля і Халеп'я: дивовижні паралелі», с.166, ВАРВАРИН ДЕНЬ - - 4 / 17грудня.",Обрядове варення пирогів у Варварин день - - це одна з первісних культових передсвяткових містерій Щедрого вечора.
13 гру,,"У народі ще кажуть: «Варвара зварить (заморозить), Сава (13 грудня) засалить (сало -- плаваючі на ріках льодові плівки), Микола (19 грудня) закує»; «Варвара мостить, Сава гострить, Микола цвяшкує».",Обрядове варення пирогів у Варварин день - - це одна з первісних культових передсвяткових містерій Щедрого вечора.
19 гру,,"У народі ще кажуть: «Варвара зварить (заморозить), Сава (13 грудня) засалить (сало -- плаваючі на ріках льодові плівки), Микола (19 грудня) закує»; «Варвара мостить, Сава гострить, Микола цвяшкує».",Обрядове варення пирогів у Варварин день - - це одна з первісних культових передсвяткових містерій Щедрого вечора.
24 сер,,ВАРФОЛОМІЇВ ДЕНЬ -- 24 серпня.,"О.Воропай, «Звичаї нашого народу», т. О.Боряк, «Ткацтво в обрядах...», с.60, 75, 97, 95."
15 кві,,"Анастасія (Настасія) замінила у народних билинах Персефону, можливо, ще тому, що святкування святої мучениці Анастасії припадало на 15 квітня - - період, близький і до язичницького лельника, і до християнської Паски. Заразом 1з св.Анастасією 15 квітня церква відзначала і мученицю Василису; імена цих перших християнок увійшли у фольклор як імена героїнь чарівних казок: Настасії Прекрасної та Василиси Премудрої.",
15 кві,,"Анастасія (Настасія) замінила у народних билинах Персефону, можливо, ще тому, що святкування святої мучениці Анастасії припадало на 15 квітня - - період, близький і до язичницького лельника, і до християнської Паски. Заразом 1з св.Анастасією 15 квітня церква відзначала і мученицю Василису; імена цих перших християнок увійшли у фольклор як імена героїнь чарівних казок: Настасії Прекрасної та Василиси Премудрої.",
21 лис,,"Вважалося, що після Введіння (21 листопада / 4 грудня) і до Благовіщення не можна зрушувати землю у будь-який спосіб, бо Земля-Мати в цей час спочиває і набирається сили.",
4 гру,,"Вважалося, що після Введіння (21 листопада / 4 грудня) і до Благовіщення не можна зрушувати землю у будь-який спосіб, бо Земля-Мати в цей час спочиває і набирається сили.",
23 кві,,"За цим святом пророчили погоду на весну: «Скільки на Введіння води, стільки на святого Урай-Рая (23 квітня / 6 травня) трави»; «Як є на Введіння вода, то буде в мисці молоко»; «Введіння прийшло, зиму привело».","Опівночі перед Введінням -- сприятливий час для ворожінь, тому жінки вдавалися до магічних обрядодійств. О.Воропай, «Звичаї нашого народу», т. О.Боряк, «Ткацтво в обрядах...», с.73."
6 тра,,"За цим святом пророчили погоду на весну: «Скільки на Введіння води, стільки на святого Урай-Рая (23 квітня / 6 травня) трави»; «Як є на Введіння вода, то буде в мисці молоко»; «Введіння прийшло, зиму привело».","Опівночі перед Введінням -- сприятливий час для ворожінь, тому жінки вдавалися до магічних обрядодійств. О.Воропай, «Звичаї нашого народу», т. О.Боряк, «Ткацтво в обрядах...», с.73."
11 лют,,"худоби, 1 в день його вшанування (11 лютого) вигонили Сучасні вчені, зокрема В.Їванов, В.Топоров, корів до храму, служили молебень, кропили їх святою розцінюють це як певне «протиставлення» богів одне водою.",
55 ВЕР,,Page 55 ВЕРБНА НЕДІЛЯ (Див.,"О.Воропай, «Звичаї нашого народу», т.І, с.208, 353-355. О.Боряк, «Ткацтво в обрядах...», с.107."
56 ВЕР,,Page 56 ВЕРЕТЕНИЦЯ відродження.,"О.Воропай, «Звичаї нашого народу», т."
56 Сер,,56 Серед багатого поховального інвентаря скіфського кургану Куль-Оба є так званий «скіпетр цариці».,"фопоетичній традиції павукові приписувалися особливі, «космовлаштовувальні» функції: «паук світ сновав» 1 т. Прядіння було традиційно жіночою роботою."
57 ВЕР,,"Page 57 ВЕРХ--НИЗ може перетворитися на гада -- «веретеницю», що «верекільниця і гадюка -- однакові».","Веретено-змій, як поєднувальний стрижень традиц"
29 січ,,"А.Гура, «Символика животньх...», с.59, 84, 111, 114, 139, ВЕРИГОВИЙ ДЕНЬ (Петра Вериги) - - 16 / 29 січня.","О.Боряк, «Ворстено та пряслиця...», с.30-36; «Ткацтво в обрядах...» Б.Успенский, «Филологическис разь-скания...», с.81, 89, 137, 176, М.Павлова, Н.Толстой, «Верстоно», с.340-342."
2 лют,,"Вважається, що 2 лютого, у день Громничної Божої Матері (Стрітення), жайворонок неодмінно повинен пискнути, навіть якщо він цієї пори може замерзнути.",
29 сер,,"Прикмета: якщо олень затрубить на Головосіку (Усікнення голови Ївана Хрестителя, 29 серпня / 11 вересня), то весна настане вчасно, якщо раніше або пізніше, то Й весна буде рання або пізня (Гуцульщина).","Календарнье обьішай и обрядьі..: Весеннис праздники. О.Воропай, «Звичаї нашого народу», т."
11 вер,,"Прикмета: якщо олень затрубить на Головосіку (Усікнення голови Ївана Хрестителя, 29 серпня / 11 вересня), то весна настане вчасно, якщо раніше або пізніше, то Й весна буде рання або пізня (Гуцульщина).","Календарнье обьішай и обрядьі..: Весеннис праздники. О.Воропай, «Звичаї нашого народу», т."
1 бер,,Веснянки починали співати з настанням Нового літа (1 березня) й аж до Зелених свят.,
24 лют,,24 лютого / 9 березня -- це народне свято Обертіння.,
9 бер,,24 лютого / 9 березня -- це народне свято Обертіння.,
21 лис,,"Від Введіння (21 листопада / 4 грудня) до цього дня не годилося бити білизну на воді праником, бо то шкодить ниві та приводить улітку бурю на поле.","Літ.: О.Воропай, «Звичаї нашого народу», т. ВИЙМАННЯ СЛІДУ -- магічний обряд."
4 гру,,"Від Введіння (21 листопада / 4 грудня) до цього дня не годилося бити білизну на воді праником, бо то шкодить ниві та приводить улітку бурю на поле.","Літ.: О.Воропай, «Звичаї нашого народу», т. ВИЙМАННЯ СЛІДУ -- магічний обряд."
29 гру,,"29 грудня відьми з усього світу злітаються на Лису гору на шабаш; | січня вони розпочинають з нечистими духами нічні прогулянки, а 3-го, повертаючись з гулянок, задоюють корів; 18 січня вони зовсім гублять розум від надмірного бенкету.","райдуги троси, про підковування їх знахарями або ж звичайними людьми тощо."
18 січ,,"29 грудня відьми з усього світу злітаються на Лису гору на шабаш; | січня вони розпочинають з нечистими духами нічні прогулянки, а 3-го, повертаючись з гулянок, задоюють корів; 18 січня вони зовсім гублять розум від надмірного бенкету.",
23 кві,,"За повір'ям, відьми на Благовіщення зароджуються, а на Юкріїв день (23 квітня) 1 в Купальську ніч (24 червня) разом з відунами також збираються на Лису гору.",
24 чер,,"За повір'ям, відьми на Благовіщення зароджуються, а на Юкріїв день (23 квітня) 1 в Купальську ніч (24 червня) разом з відунами також збираються на Лису гору.",
24 гру,,ВІЛІЯ -- надвечір'я найбільшого свята - - Різдва (24 грудня / б січня).,"А.Байбурин, «Жилищос в обрядах и представлениях...», 78-82, 134-145, В.Скуратівський, «Русалії», с.441-443."
24 чер,,"Його називали «зеленим» і заготовляли у день Аграпіни Купальниці (24 червня), Особливе значення він мав у ритуалі бані молодої.",Цей звичай відомий ще з княжих вінчань.
24 лют,,ВЛАСІВ ДЕНЬ (Велесів) -- 11 / 24 лютого.,
1 чер,,Через блакитний 1 через зелений вогонь ні в якому разі не можна стрибати.,"Коли від вогнища йде малинове сяйво, то на цьому місці будували святині, хати Й робили освячення."
19 січ,,"ВОДОХРЕЩА, Хрещення, Водохрещі, Водосвячення, Водосвяття, Богоявлення, Ордань, Ардан, Йордан, Йордань -- у давнину велике свято богині Дани (6 / 19 січня), що прискорює прихід весни; пізніше - - одне Із найбільших християнських свят, яке завершує святочні обрядовості.","ВОДОХРЕЩА, Хрещення, Водохрещі, Водосвячення, Водосвяття, Богоявлення, Ордань, Ардан, Йордан, Йордань -- у давнину велике свято богині Дани (6 / 19 січня), що прискорює прихід весни; пізніше - - одне Із найбільших християнських свят, яке завершує святочні обрядовості."
1 сер,,"З початком весни він просинається голодний 1 сердитий; з такої прикрості він ламає лід, піднімає хвилі, розганяє рибу.",
3 кві,,Тут у рибалок навіть існував звичай 3 квітня приносити в жертву водяникові спеціально спеченого до цього дня Й приправленого медом і конопляною макухою коника.,Тут у рибалок навіть існував звичай 3 квітня приносити в жертву водяникові спеціально спеченого до цього дня Й приправленого медом і конопляною макухою коника.
1 чер,,"У давнину вважали, що водяник безсилий проти ведмедя 1 через те боїться його.",Тут у рибалок навіть існував звичай 3 квітня приносити в жертву водяникові спеціально спеченого до цього дня Й приправленого медом і конопляною макухою коника.
4 бер,,ГАДЮШНИКК -- день святого Руфа (Родіона) -4 березня.,"Его обьчай, обрядь...», с.14-34. Байбурин, «Жилище в обрядах и представлениях...», с.38-43."
27 вер,,"Якщо на Здвиження (14 / 27 вересня) птахи відлітають у вирій і різне гаддя теж повзе до вирію, то на гадюшник усе в землі зрушується: 1 трава, 1 всяка зелень, 1 все, що посіяно і посаджено в цей день, має піти вгору; птахи летять із вирію, а всяка гадина вилазить зі своїх ям.","Его обьчай, обрядь...», с.14-34. Байбурин, «Жилище в обрядах и представлениях...», с.38-43."
1 тра,,"Якщо на Здвиження (14 / 27 вересня) птахи відлітають у вирій і різне гаддя теж повзе до вирію, то на гадюшник усе в землі зрушується: 1 трава, 1 всяка зелень, 1 все, що посіяно і посаджено в цей день, має піти вгору; птахи летять із вирію, а всяка гадина вилазить зі своїх ям.","Байбурин, «Жилище в обрядах и представлениях...», с.38-43. О.Воропай, «Звичаї нашого народу», т."
22 гру,,"А.Афанасьсв, «Позтичсскис воззрения славян...», Т.2, с.166,  ГАНЧИН ДЕНЬ (Тріскуча Анна) -- 9/22 грудня: зимове сонцестояння.","О.Воропай, «Звичаї нашого народу», т. Цікавий звичай побутував у давній Україні: в день сонячного повороту на нове літо за радісне повідомлення дзвонареві видавали із скарбниці 24 срібняки."
23 лис,,"ГЕОРГІЇВ ДЕНЬ (Єтгорія, Юрія) - день 23 листопада / 9 грудня.",
9 гру,,"ГЕОРГІЇВ ДЕНЬ (Єтгорія, Юрія) - день 23 листопада / 9 грудня.",
25 тра,,"ГЕРМАН, Джерман - - у південнослов'янській міфології божество плодючості, чий день (12 / 25 травня) святкували, щоб убезпечитися від грому 1 граду.",Під час обрядодійств викликання дощу робилася глиняна лялька з підкресленими чоловічими ознаками.
5 тра,,ГЛИНОВ'ЯЗ -- 5 травня.,"Ю.Климець, «Купальська обрядовість на Україні»."
29 чер,,Свято Петра й Павла відзначали 29 червня ст.,"Відгомін цього давнього звичаю зберігся у традиційній формі дитячої колиски, яка, за віруваннями, убезпечує немовлят од злої сили. О.Воропай, «Звичаї нашого народу», т."
25 тра,,ГОЛОВАТИЙ (Іван Головатий) -- день 25 травня / 6 червня.,"Крім повсякденного харчування, капустяні страви широко вживали на весіллях, у поминальних обрядах і під час довготривалих постів. Щоб капуста «виросла великою, як голова», висадку її робили з обрядодійствами, присвяченими дню Головатого."
6 чер,,ГОЛОВАТИЙ (Іван Головатий) -- день 25 травня / 6 червня.,"Крім повсякденного харчування, капустяні страви широко вживали на весіллях, у поминальних обрядах і під час довготривалих постів. Щоб капуста «виросла великою, як голова», висадку її робили з обрядодійствами, присвяченими дню Головатого."
13 гру,,"Люція (13 грудня) до Різдва відкладати по одному недопалку з печі, а на Святий вечір розвести ними вогонь, - - тоді відьма неодмінно прийде до такого вогню.",
1 бер,,"Так само голосили жінки, які прагнули дитини і любові, в день весняного Нового року, 1 березня, коли закликали весну.","Голосили звичайно в хаті, але часом і над могилою та коли вчинять тризну. Про звичай дряпати об"
24 чер,,"На Житомирщині та Київщині горобині ночі приурочують, як правило, до однієї з ночей напередодні Купала (24 червня) або Петра (29 червня), причому у цей час цвіте папороть: «Орабина н'їч, то толді, в тую буру - - блискавицю -- папороть цьвіте».","Відомі перекази про те, що чоловік, який знайшов папороть у горобину ніч, набув здатності розуміти мову рослин і тварин (такі билички зазвичай приурочують до купальської ночі)."
29 чер,,"На Житомирщині та Київщині горобині ночі приурочують, як правило, до однієї з ночей напередодні Купала (24 червня) або Петра (29 червня), причому у цей час цвіте папороть: «Орабина н'їч, то толді, в тую буру - - блискавицю -- папороть цьвіте».","Відомі перекази про те, що чоловік, який знайшов папороть у горобину ніч, набув здатності розуміти мову рослин і тварин (такі билички зазвичай приурочують до купальської ночі)."
1 вер,,Це повір'я пов'язували з днем Симона Стовпника (1 вересня).,"ч, набув здатності розуміти мову рослин і тварин (такі билички зазвичай приурочують до купальської ночі)."
6 лип,,"А.Гура, «Символика живоОтнь!х...», с.69, 74, 304, 594, 595, ГОРПИНИ ДЕНЬ -- 6 липня.","В Кравченко, «Звичаї в сслі Забрідді», с.109, В.Німчук, г «До історії й стимології...», с.236-246, Т.Агапкина, А.Топорков, «Воробьиная (рябиновая) ночь...», с.230-253. У день Горпиникупальниці традиційно починали масово збирати цілющі трави 1 «лихе» зілля, а також коріння."
1 тра,,"Вірили, що красуня Горпина поспішала зустрітися з Купалом: прикрашала житло вінками з квітів 1 трав.","У день Горпиникупальниці традиційно починали масово збирати цілющі трави 1 «лихе» зілля, а також коріння."
1 сер,,"Тут відображаються давні уявлення про злих істот -- чорнокнижників (градівників), які володіють надприродною силою 1 здатні вільно переміщатися у просторі між верхнім світом (небом) 1 середнім (землею).",
30 лис,,ГРИГОРІЙ ЗИМОУКАЖЧИК --- 17/30 листопада.,
23 січ,,"23 січня відзначали Григорія Літоукажчика, а на Григорія Двоєслова, або св.",
25 бер,,"Григорія (12 / 25 березня), «жаби починають квакати».",
13 жов,,13 жовтня -- також день Григорія.,
2 сер,,У народі 2 серпня / 20 липня називають громовим святом.,
20 лип,,У народі 2 серпня / 20 липня називають громовим святом.,
17 лип,,"Марини (17 липня), -- грішна, Укус її смертельний, вона--- проклята, і земля її не прийме до себе.","Людей, які зробили великий гріх, також не приймає земля."
28 лис,,ГУРІЇВ ДЕНЬ - - 15/28 листопада.,
22 гру,,Днем породин молодого Сонця вважався день зимового сонцестояння (21-22 грудня).,
1 кві,,"Пригадаймо приповідки: «Закохався, як чорт у суху грушу»; «Відчепися від мене, а вчепися до сухої верби» або прокляття: «А щоб ти повісився на сухій гілляці!» У клечальну суботу (подекуди увечері на Трійцю) переважно на вигоні або на майдані ставили обрядового дуба: так називали довгу жердину з прикріпленим угорі колесом, прибрану травою 1 квітами, під якою у перші дні (а іноді Й в усі дні) Зеленого тижня відбувалося гуляння молоді.","Пригадаймо приповідки: «Закохався, як чорт у суху грушу»; «Відчепися від мене, а вчепися до сухої верби» або прокляття: «А щоб ти повісився на сухій гілляці!» У клечальну суботу (подекуди увечері на Трійцю) переважно на вигоні або на майдані ставили обрядового дуба: так називали довгу жердину з прикріпленим угорі колесом, прибрану травою 1 квітами, під якою у перші дні (а іноді Й в усі дні) Зеленого тижня відбувалося гуляння молоді."
30 січ,,До 30 січня наші пращури старалися закінчити вирубку лісу - - «поки дерево спить».,
23 гру,,"Наведемо зелений гороскоп, у якому простежується зв'язок людських характерів з деревами і яким користувалися наші прародителі: Яблуня: 23 грудня -- | січня; 25 червня - 4 липня.",
25 чер,,"Наведемо зелений гороскоп, у якому простежується зв'язок людських характерів з деревами і яким користувалися наші прародителі: Яблуня: 23 грудня -- | січня; 25 червня - 4 липня.",
4 лип,,"Наведемо зелений гороскоп, у якому простежується зв'язок людських характерів з деревами і яким користувалися наші прародителі: Яблуня: 23 грудня -- | січня; 25 червня - 4 липня.",
11 січ,,Ялиця: 2 -- 11 січня; 5 - - 14 Липня.,
14 Лип,,Ялиця: 2 -- 11 січня; 5 - - 14 Липня.,
24 січ,,В'яз: 12 -- 24 січня; 15 - - 25 липня.,
25 лип,,В'яз: 12 -- 24 січня; 15 - - 25 липня.,
8 лют,,Тополя: 4 --- 8 лютого; 5 -- 13 серпня. Кедр: 9 --- 18 лютого; 14 --- 23 серпня.,
13 сер,,Тополя: 4 --- 8 лютого; 5 -- 13 серпня.,
18 лют,,Кедр: 9 --- 18 лютого; 14 --- 23 серпня.,
23 сер,,Кедр: 9 --- 18 лютого; 14 --- 23 серпня.,
24 сер,,Сосна: 19 --28 (29) лютого; 24 серпня - - 2 вересня.,
2 вер,,Сосна: 19 --28 (29) лютого; 24 серпня - - 2 вересня. Іва: 1-- 10 березня; 3 - - 12 вересня. Липа: 11 -- 20 березня; 13 - - 22 вересня.,
10 бер,,Іва: 1-- 10 березня; 3 - - 12 вересня.,
12 вер,,Іва: 1-- 10 березня; 3 - - 12 вересня.,
20 бер,,Липа: 11 -- 20 березня; 13 - - 22 вересня.,
22 вер,,Липа: 11 -- 20 березня; 13 - - 22 вересня.,
21 бер,,Дуб: 21 березня (день весняного рівнодення).,
31 бер,,Ліщина: 22 -- 31 березня; 24 вересня - - 3 жовтня.,
24 вер,,Ліщина: 22 -- 31 березня; 24 вересня - - 3 жовтня.,
3 жов,,Ліщина: 22 -- 31 березня; 24 вересня - - 3 жовтня. Горобина: 1 -- 10 квітня; 4-- 13 жовтня. Клен: 11 -- 20 квітня; 14 - - 23 жовтня.,
10 кві,,Горобина: 1 -- 10 квітня; 4-- 13 жовтня.,
13 жов,,Горобина: 1 -- 10 квітня; 4-- 13 жовтня.,
20 кві,,Клен: 11 -- 20 квітня; 14 - - 23 жовтня.,
23 жов,,Клен: 11 -- 20 квітня; 14 - - 23 жовтня.,
30 кві,,Горіх: 21 -- 30 квітня; 24 жовтня -- 2 листопада.,
24 жов,,Горіх: 21 -- 30 квітня; 24 жовтня -- 2 листопада.,
2 лис,,Горіх: 21 -- 30 квітня; 24 жовтня -- 2 листопада. Ясен: 25 травня - - З червня; 22 листопада - - І грудня.,
14 тра,,Жасмин: 1 - - 14 травня; 3 - - ІІ листопада.,
24 тра,,Каштан: 15 - - 24 травня; 12 -- 21 листопада.,
21 лис,,Каштан: 15 - - 24 травня; 12 -- 21 листопада.,
25 тра,,Ясен: 25 травня - - З червня; 22 листопада - - І грудня.,"Н.Сумцов, «Символика славянских обрядов», с.1"
22 лис,,Ясен: 25 травня - - З червня; 22 листопада - - І грудня.,"Н.Сумцов, «Символика славянских обрядов», с.139-143."
13 чер,,Граб: 4 -- 13 червня; 2 -- 11 грудня.,"Н.Сумцов, «Символика славянских обрядов», с.139-143."
11 гру,,Граб: 4 -- 13 червня; 2 -- 11 грудня.,"Н.Сумцов, «Символика славянских обрядов», с.139-143."
22 чер,,Береза: 21-22 червня (день літнього сонцестояння).,"Н.Сумцов, «Символика славянских обрядов», с.139-143."
22 гру,,Бук: 21 - - 22 грудня (день зимового сонцестояння).,"Н.Сумцов, «Символика славянских обрядов», с.139-143."
9 вер,,"Ушановували Діванну в ніч на 9 вересня разом із Великою Матір'ю, богинею жіночої долі Мокошею.",
9 вер,,Свято Діванни відбувалося в ніч на 9 вересня (9 - - число бога Перуна).,ред гуцулів було прийнято мастити віночки медом і вкривати позолотою.
26 жов,,"ДІДІВ ДЕНЬ (вечеря для «дідів», осінні Діди, Дмитрівська субота) - - поминальний день восени (субота перед 26 жовтня).","ські новорічні обряди...», с.110, 124-125, 198-202."
26 жов,,"ДМИТРОВЕ СВЯТО (Димитрій Мироточивий, Дмитрієва субота, Дмитра, Дідів день, Дідова субота) --- 26 жовтня / 8 листопада, свято вшанування померлих предків і заразом пам'яті християнського святого Дмитра Солунського.",
8 лис,,"ДМИТРОВЕ СВЯТО (Димитрій Мироточивий, Дмитрієва субота, Дмитра, Дідів день, Дідова субота) --- 26 жовтня / 8 листопада, свято вшанування померлих предків і заразом пам'яті християнського святого Дмитра Солунського.",
23 кві,,Від Дмитра і до весняного Юрія (23 квітня / 6 травня) вовки розлючені й нападають на всяку худобу.,
6 тра,,Від Дмитра і до весняного Юрія (23 квітня / 6 травня) вовки розлючені й нападають на всяку худобу.,
27 жов,,"Нестора (27 жовтня / 9 листопада), який є наступним після дня св.",
9 лис,,"Нестора (27 жовтня / 9 листопада), який є наступним після дня св.",
1 кві,,"Дівчину роздягали догола, обв'язували перевеслами трав 1 квітів так, щоб не було видно лиця, голову прикрашали вінками з живих квітів.","В.Иванов, В.Топоров, «Добрьня Никитич», с.162-164, ДОДОЛА -- весняно-літній обряд викликання дощу."
28 січ,,"Існує повір'я: якщо 28 січня господиня забуде залишити гостинець для домовика, то він із доброго перетворюється у злого.",
30 бер,,"Так само збіситися він може і 30 березня, тоді домовик не впізнає своїх домашніх, а тому в цей день боялися ходити по двору.","Хоч він і домовик, а всетаки наб'ють йому спину, як звичайному мужикові."
18 чер,,ДОРОФІЯ ДЕНЬ -- 18 червня.,"М.Васильсв, «Малорусскиє похоронньо обрядьт и поворья», с.318. О.Боряк, «Ткацтво в обрядах...», с.148. ДОЩ -- у народній традиції об'єкт поклоніння і магічних дій."
28 лис,,Відтак 28 листопада закінчувалась календарна осінь.,"Після традиційного початку весіль на Покрову наставала пора шлюбів, які завершувалися Різдвяними (Пилипівськими) заговинами."
12 вер,,"ЗАКРУТИНИ -- звичай 12 вересня сплітати ячмінні стебла з лляними й вівсяними та замовляти ниву, щоб гарно родила.","Его обьчай, обрядьгг...», с.289-297. ЗАКРУТИНИ -- звичай 12 вересня сплітати ячмінні стебла з лляними й вівсяними та замовляти ниву, щоб гарно родила."
27 вер,,ЗДВИЖЕННЯ (у християн - - Воздвиження Чесного і Животворящого Хреста Господнього) - - 14/27 вересня.,
23 тра,,У народі Симона Зилоту називають «Миколиним батьком» 1 вшановують 10/23 травня.,
24 чер,,"Він збирає всіх змій на Іванів день (24 червня/ 7 липня), в Купальську ніч, восени перед відходом у нори на Здвиження (14/27 вересня) або на Покрову (П1/ 14 жовтня), а навесні він пробуджує їх від зимового сну шипінням.",
7 лип,,"Він збирає всіх змій на Іванів день (24 червня/ 7 липня), в Купальську ніч, восени перед відходом у нори на Здвиження (14/27 вересня) або на Покрову (П1/ 14 жовтня), а навесні він пробуджує їх від зимового сну шипінням.",
27 вер,,"Він збирає всіх змій на Іванів день (24 червня/ 7 липня), в Купальську ніч, восени перед відходом у нори на Здвиження (14/27 вересня) або на Покрову (П1/ 14 жовтня), а навесні він пробуджує їх від зимового сну шипінням.",
14 жов,,"Він збирає всіх змій на Іванів день (24 червня/ 7 липня), в Купальську ніч, восени перед відходом у нори на Здвиження (14/27 вересня) або на Покрову (П1/ 14 жовтня), а навесні він пробуджує їх від зимового сну шипінням.",
4 чер,,Змія Василіска вшановують 4 червня.,
29чер,,"В давнину у Петрів день (29червня/12 липня) на пагорбах перед сходом Сонця розпалювали вогні, бо цього дня сонце «грає».",
12 лип,,"В давнину у Петрів день (29червня/12 липня) на пагорбах перед сходом Сонця розпалювали вогні, бо цього дня сонце «грає».",
24 гру,,"Час падіння золотого плуга на землю (24 грудня, в день зимового сонцестояння, це сузір'я вранці заходить за обрій, ніби падає з неба) став називатися у народі святом Сварога.",
23 тра,,"ЗОЛОТИХА (Симониха) - - жінка-чарівниця, знахарка, яку Зільник Зилота у свій день (10/23 травня) наділяє силою відчувати таємниці цілющого зела 1 користуватися його чарівними властивостями.","О.Боряк, «Ткацтво в обрядах...», с.30, 111-114. А коли вже заготовлять усякого зілля та раненько повернуться з лісу, то готували обрядовий обід."
5 бер,,ЗОРЕПАД - - 5 березня.,
20 лип,,ІЛЛІ ДЕНЬ -- 20 липня/2серпня.,"У храмі роблять ще й окремі іконостаси, наприклад на стінах між вікнами, біля стовпів, за кліросом і т."
2сер,,ІЛЛІ ДЕНЬ -- 20 липня/2серпня.,"У храмі роблять ще й окремі іконостаси, наприклад на стінах між вікнами, біля стовпів, за кліросом і т."
1 сер,,"Став Богу молиться, став пісникать, у п'ятницю 1 середу раз у день їв, як сонце зайде.",
10 тра,,"ІМЕНИНИ ЗЕМЛІ --- святкуються на другий день після Миколи, тобто 10 травня.","ІМ'ЯНАРЕЧЕННЯ -- стародавній звичай, який пов'язувався з переконанням, що гарно вибране ім'я має сприяти щастю та добробуту людини. Цей звичай також відтворював норми моралі та звичаєвого права: наприклад, дитині, що народжу"
14 вер,,У деяких місцевостях у день Посвіту (1/14 вересня) в наперед обраній хаті проводили обряд під назвою «Женіння комина».,"У деяких місцевостях у день Посвіту (1/14 вересня) в наперед обраній хаті проводили обряд під назвою «Женіння комина». «Свати» видобували вогонь, і розпочиналося веселе обрядове дійство."
1 тра,,"Відтоді походить 1 традиція орієнтування культових споруд за основними солярно-лунарними ""напрямками.","Відтоді походить 1 традиція орієнтування культових споруд за основними солярно-лунарними ""напрямками."
2 тра,,"із Київщини, Відштамповані на посудині для священної води орнаменти цього календаря визначали дні свят і молінь про дощ протягом усього життя ярових на полі: Свято перших сходів -- 2 травня.",
30 тра,,Моління про дощ -- із 20 по 30 травня.,
4 чер,,Ярилів день -- 4 червня. Свято Купала (пізніше Івана Купала) -- 24 червня.,
20 чер,,Моління про дощ -- з І по 20 червня.,
24 чер,,Свято Купала (пізніше Івана Купала) -- 24 червня.,
12 лип,,Відбір жертв до свята Перуна -- 12 липня.,
18 лип,,Моління про дощ -- з 15 по 18 липня.,
20 лип,,Свято Перуна (день Іллі) -- 20 липня.,
24 лип,,Початок жнив -- 24 липня.,
7 сер,,"Page 216 КАЛЕТА    Щ КА оч ро О   Ре «ба о З У 309, чати р  Ритуальні посудини-календарі черняхівської культури (.-ІГУ ст.) Зажинки, кінець жнив -- 7 серпня.",
6 сер,,"Свято перших плодів (Спас, 6 серпня).",
21 лис,,"Початок її календарного епіцентру припадає на свято Введення (21 листопада/4 грудня), а кінець -- на свято Непорочного зачаття Ганни (9/22 грудня).","І людина причащається до цього вселенського дійства саме кусанням калети (обрядового коржа, що має круглу сонячну форму), бо то є іскра Божа, живий вогонь, спрямований на розбудження еротики та ворожіння на злюб."
4 гру,,"Початок її календарного епіцентру припадає на свято Введення (21 листопада/4 грудня), а кінець -- на свято Непорочного зачаття Ганни (9/22 грудня).","І людина причащається до цього вселенського дійства саме кусанням калети (обрядового коржа, що має круглу сонячну форму), бо то є іскра Божа, живий вогонь, спрямований на розбудження еротики та ворожіння на злюб."
22 гру,,"Початок її календарного епіцентру припадає на свято Введення (21 листопада/4 грудня), а кінець -- на свято Непорочного зачаття Ганни (9/22 грудня).","І людина причащається до цього вселенського дійства саме кусанням калети (обрядового коржа, що має круглу сонячну форму), бо то є іскра Божа, живий вогонь, спрямований на розбудження еротики та ворожіння на злюб."
24 гру,,"Коли в канун Різдва (24 грудня) вістунка Зоря з'являється на небі, вона, за народними віруваннями, сповіщає про те, що молодий Божич 220 приходить у головне сузір'я Перуна.",
22 лис,,"На Сергія починається, а з Мотрини (22 листопада) встановлюється зима.",
29 лют,,"КАСІЯНІВ ДЕНЬ (Касіян, Касян Немилостивий, Касян Злопам'ятний) -- 29 лютого/13 березня.",
13 бер,,"КАСІЯНІВ ДЕНЬ (Касіян, Касян Немилостивий, Касян Злопам'ятний) -- 29 лютого/13 березня.",
29 лют,,"Вважалося: наступний рік у подружжя буде мирним, якщо провести 29 лютого у сімейній злагоді.","О.Воропай, «Звичаї нашого народу», т."
24 лис,,"В.Скуратівський, «Дідух», с.46, КАТЕРИНИ -- свято Долі (24 листопада / 7 грудня).","О.Воропай, «Звичаї нашого народу», т. Існував звичай: рано-вранці до схід сонця дівчата йшли в садок і зрізали гілочку вишні."
7 гру,,"В.Скуратівський, «Дідух», с.46, КАТЕРИНИ -- свято Долі (24 листопада / 7 грудня).","О.Воропай, «Звичаї нашого народу», т. Існував звичай: рано-вранці до схід сонця дівчата йшли в садок і зрізали гілочку вишні."
3 кві,,КАЧАЛЬНИКК -- день 3 квітня.,"О.Воропай, «Звичаї нашого народу», т. Качатися, котитися, перевертатися --- ритуальне дійство, яке має чимало значень і практикується у календарних 1 господарських обрядах, ворожінні, народній медицині, магії."
20 кві,,"В.Паїк, «Корінь безсмертної України», с.94, 193, КИЛИНИН ДЕНЬ -- 20 квітня.",
31 бер,,КИРИЛІВ ДЕНЬ -- 31 березня.,
22 чер,,"22 червня, у день літнього сонцестояння, коли на красу довкілля саме Сонце задивляється, казали: «Кирило весну проводжає, а на осінь позирає».",
24 гру,,"Коляда -- велике свято Різдва (народження) молодого Божича-Сонця -- відзначається в час, коли зимове Сонце повертає на літо, а день починає прибувати, 24 грудня вшановували також батька всіх богів - - Сварога.","КОЛЯДА -- 1) бог, який розпочинає Коло Свароже, тобто новий господарський рік; 2) стародавній обряд уславлення богів піснями (колядування) та винагорода за нього; 3) богиня-мати молодого Божича-Сонця. Обряд колядування досить простий: колядники ходять від хати до хати, співають замовляння і побажання всіляких гараздів кожному дому та збирають пожертви у загальний «міх», які потім усією ватагою споживають. , Фольклор зберіг цікаві архаїчні описи зимового новорічного обряду, пов'язаного з божеством Коляди: За горою крутою, За рікою бистрою Стоять ліса дрімучі, В тих лісах вогні горять, Кругом вогнів люди стоять, Люди стоять, колядують."
25 гру,,"Етнографічне святкування Коляди пов'язане взагалі з зимовими Святками (25 грудня - б січня), але і в церковному календарі, і в народному відчуваються сліди більш частого його святкування: на Великдень (Паску) 1 1 березня.",
1 бер,,"Етнографічне святкування Коляди пов'язане взагалі з зимовими Святками (25 грудня - б січня), але і в церковному календарі, і в народному відчуваються сліди більш частого його святкування: на Великдень (Паску) 1 1 березня.",
27 гру,,"У більшості регіонів України колядували перші три дні Різдва (25--27 грудня), на заході -- від Святого вечора, а щедрували напередодні Нового року і в день св.",
26 тра,,"Вважають, що комарі з'являються 13/26 травня, тобто у день Лукерії-комарниці.",
18 бер,,"КОНОН -- покровитель коней і конюхів, свято якого відзначалося 5/18 березня.",
1 бер,,"жовтня) вранці, має здатність скріплювати подружжя; відвар коренів дуба 1 берези, що ростуть разом, давали пити молодим для взаємної",
26 вер,,КОРНИЛІЇВ ДЕНЬ - - 26 вересня.,
5 лют,,"За повір'ям, 5 лютого (або ж на початку чи наприкінці осені) вона з'являється до худоби.",Прогнати її можна тільки оборюванням села та Іншими обрядодійствами.
25 гру,,"У Болгарії Крачуном називають всякого, хто народився 25 грудня.","Сучасний дослідник В.Скуратівський зазначає, що гуцули робили обрядовий хлібець-корочун так: «жінка, щоб спекти карачуна, одягалася в гуню і натягала рукавицю, бо «тола рука -- це бідність, а карачун'-- символ достатку». Обрядовий хліб стояв на столі впродовж усіх святок, символізуючи зимове сонцестояння."
22 кві,,"Від 22 квітня/5 травня дівчата починали хороводи, ігри на горах і долинах, задобрюючи своїх покровительок, бо розпочинався весняно-літній сезон весіль.","О.Курочкін, «Українські новорічні обряди...», с.168-169, КРАСИЛЬНА СУБОТА --- велика субота."
5 тра,,"Від 22 квітня/5 травня дівчата починали хороводи, ігри на горах і долинах, задобрюючи своїх покровительок, бо розпочинався весняно-літній сезон весіль.","О.Курочкін, «Українські новорічні обряди...», с.168-169, КРАСИЛЬНА СУБОТА --- велика субота."
1 бер,,Юнки ловили їх на льоту 1 берегли вдома до наступної весни.,
5 тра,,"За православним календарем, 5 травня -- день святого апостола Луки.",и різноманітні обряди та ігрища. У народі з християнським Лукою не пов'язано будь-яких обрядодій.
31 жов,,"Але і на це свято, яке наклалося на стародавнє свято покровителів родинного життя -- Леля і Лелі, народ відгукнувся дотепними прислів'ями: «Сьогодні в нас Луки -- ані хліба, ні муки»; «До весняного Луки нема хліба й муки, а прийшов осінній Лука -- з'явились хліб і мука» (осінній Лука відзначається 31 жовтня).","У народі з християнським Лукою не пов'язано будь-яких обрядодій. О Воропай, «Звичаї нашого народу», т."
19 бер,,"19 березня обходили довкола криниць, освячували їх, щоб ті гіркими стоками не наповнювалися, щоб вода була добра, чиста й солодка, змивала всі хвороби.","Також робили священні походи до криниць усім селом - - із танцями та піснями, заклинаннями та обкурюванням."
22 кві,,"22 квітня обходили криниці й джерела, поклоняючись живильній воді.","Також робили священні походи до криниць усім селом - - із танцями та піснями, заклинаннями та обкурюванням."
21 чер,,"21 червня вшановували Федора-колодязника, на грози щедрого.","Також робили священні походи до криниць усім селом - - із танцями та піснями, заклинаннями та обкурюванням."
14 лис,,КУЗЬМИНКИ (Кузьми-Дем'яна) -- день святих Безморозників (1/14 листопада).,
12 вер,,"Їхня кузня, розповідається в ньому, розкинулася на 12 верст, у ній 12 дверей, 12 молотів та 12 помічників.",
24 чер,,"КУПАЛО, Купайло, Купайла, Купала, Купалбог, Іван Купала --- бог молодості, шлюбу, краси, У пору літнього сонцевороту, коли Сонце в небі найвище, предки відзначали свято Купала (з 23 на24 червня) - великий шлюб бога літнього розквіту вогню-сонця Семиярила з життєдайною богинею води Даною. Вірили також, що в Іванів день (24 червня) богиня Сонце виїжджає назустріч своєму судженому Місяцю, танцює і розсипається по небу яскравим промінням.",
25 тра,,"Історики зазначають, що свято Лади, яке відзначалося цілий місяць -- від 25 травня до 25 червня, закінчувалося великим торжеством Купала.",Проти обряду Купала в кінці ХУІ ст.
25 чер,,"Історики зазначають, що свято Лади, яке відзначалося цілий місяць -- від 25 травня до 25 червня, закінчувалося великим торжеством Купала.",Проти обряду Купала в кінці ХУІ ст.
1 тра,,"Красуня Купальниця в цей день поспішає зустрітися з Купалом, а тому допомагає дівчатам прикрашати житло вінками з квітів 1 трав.",
23 чер,,23 червня хлопці та дівчата йшли за околицю села до лісу чи річки.,
23 чер,,"Аграпіни, оскільки пам'ять останньої припадає на 23 червня за ст.",
24 чер,,"24 червня, при сході Сонця, зібравшись біля вогню, співали: Іван та Мар'я На горі купалися; Де Іван купався - Берег колихався, Де Мар'я купалась -Трава розстелялась.",
13 вер,,КУПРІЯНІВ ДЕНЬ (13 вересня) -- так зване журавлине віче.,
15 жов,,"15 жовтня -просили вберегти від злих чар: дівчата--- Устину, юнаки -- Купріяна.",
23 кві,,У деяких областях Росії в день святого Єторія (23 квітня) листям і квітами оздоблюють юнака.,"Функціональне призначення обряду Куста полягало в накликанні багатого врожаю. В інших місцевостях схожі обряди мали назви «Тополя», «Верба», «Вільха», «Горю-тгорю дуба», «Завивання берези» тощо. Подібний обряд є в румунів та в інших народів."
23 сер,,"В.Скуратівський, «Русалії», с.435-436, ЛАВРЕНТІЯ-ПОГОДОУКАЖЧИКА ДЕНЬ -- 23 серпня.",", «гутали» іменинників, усаджували молоду, коли робили їй вінець 1 розплітали косу, на нього ставили труну, коли несли покійника через село 1 зупинялися на перехрестях. При цих та інших обрядах ослін прикрашали тканими виробами або ж накривали вивернутим кожухом, який виконував певну магічну роль. А.Фамінцин вважав, що Лада--- богиня шлюбу і веселощів, пов'язана з весняними і весільними обрядами."
24 гру,,Дей день (24 грудня) є також святом Сварога-Зодіака.,"В усіх обрядах, пов'язаних з дощем, згадується ім'я Лади. При зустрічі весни (починаючи з І березня) співали обрядові пісні-веснянки про любов, що її запалює Лада у серцях дівчат та Хлопців."
25 тра,,Свято Великої Лади відзначалося з піснями цілий місяць -- від 25 травня до 25 червня.,"В усіх обрядах, пов'язаних з дощем, згадується ім'я Лади. При зустрічі весни (починаючи з І березня) співали обрядові пісні-веснянки про любов, що її запалює Лада у серцях дівчат та Хлопців."
25 чер,,Свято Великої Лади відзначалося з піснями цілий місяць -- від 25 травня до 25 червня.,"В усіх обрядах, пов'язаних з дощем, згадується ім'я Лади. При зустрічі весни (починаючи з І березня) співали обрядові пісні-веснянки про любов, що її запалює Лада у серцях дівчат та Хлопців."
22 бер,,"Пісні на честь Лади виконували: 9 /22 березня (Сорок мучеників), 24 березня / 7 квітня (Благовіщення), 23 квітня / 6 травня (Юріїв день), 1-2 травня / 14-15 травня (свято Лади), 24 червня (Купало), 29 червня / 12 липня (Петрів день).",Цей обряд виконувався напередодні дуже важливого свята - першого вигону худоби.
24 бер,,"Пісні на честь Лади виконували: 9 /22 березня (Сорок мучеників), 24 березня / 7 квітня (Благовіщення), 23 квітня / 6 травня (Юріїв день), 1-2 травня / 14-15 травня (свято Лади), 24 червня (Купало), 29 червня / 12 липня (Петрів день).",Цей обряд виконувався напередодні дуже важливого свята - першого вигону худоби.
7 кві,,"Пісні на честь Лади виконували: 9 /22 березня (Сорок мучеників), 24 березня / 7 квітня (Благовіщення), 23 квітня / 6 травня (Юріїв день), 1-2 травня / 14-15 травня (свято Лади), 24 червня (Купало), 29 червня / 12 липня (Петрів день).",Цей обряд виконувався напередодні дуже важливого свята - першого вигону худоби.
23 кві,,"Пісні на честь Лади виконували: 9 /22 березня (Сорок мучеників), 24 березня / 7 квітня (Благовіщення), 23 квітня / 6 травня (Юріїв день), 1-2 травня / 14-15 травня (свято Лади), 24 червня (Купало), 29 червня / 12 липня (Петрів день).",Цей обряд виконувався напередодні дуже важливого свята - першого вигону худоби.
6 тра,,"Пісні на честь Лади виконували: 9 /22 березня (Сорок мучеників), 24 березня / 7 квітня (Благовіщення), 23 квітня / 6 травня (Юріїв день), 1-2 травня / 14-15 травня (свято Лади), 24 червня (Купало), 29 червня / 12 липня (Петрів день).",Цей обряд виконувався напередодні дуже важливого свята - першого вигону худоби.
2 тра,,"Пісні на честь Лади виконували: 9 /22 березня (Сорок мучеників), 24 березня / 7 квітня (Благовіщення), 23 квітня / 6 травня (Юріїв день), 1-2 травня / 14-15 травня (свято Лади), 24 червня (Купало), 29 червня / 12 липня (Петрів день).",Цей обряд виконувався напередодні дуже важливого свята - першого вигону худоби.
15 тра,,"Пісні на честь Лади виконували: 9 /22 березня (Сорок мучеників), 24 березня / 7 квітня (Благовіщення), 23 квітня / 6 травня (Юріїв день), 1-2 травня / 14-15 травня (свято Лади), 24 червня (Купало), 29 червня / 12 липня (Петрів день).",Цей обряд виконувався напередодні дуже важливого свята - першого вигону худоби.
24 чер,,"Пісні на честь Лади виконували: 9 /22 березня (Сорок мучеників), 24 березня / 7 квітня (Благовіщення), 23 квітня / 6 травня (Юріїв день), 1-2 травня / 14-15 травня (свято Лади), 24 червня (Купало), 29 червня / 12 липня (Петрів день).",Цей обряд виконувався напередодні дуже важливого свята - першого вигону худоби.
29 чер,,"Пісні на честь Лади виконували: 9 /22 березня (Сорок мучеників), 24 березня / 7 квітня (Благовіщення), 23 квітня / 6 травня (Юріїв день), 1-2 травня / 14-15 травня (свято Лади), 24 червня (Купало), 29 червня / 12 липня (Петрів день).",Цей обряд виконувався напередодні дуже важливого свята - першого вигону худоби.
12 лип,,"Пісні на честь Лади виконували: 9 /22 березня (Сорок мучеників), 24 березня / 7 квітня (Благовіщення), 23 квітня / 6 травня (Юріїв день), 1-2 травня / 14-15 травня (свято Лади), 24 червня (Купало), 29 червня / 12 липня (Петрів день).",Цей обряд виконувався напередодні дуже важливого свята - першого вигону худоби.
23 кві,,Переддень свята Юрія Змієборця (23 квітня / б травня) називають Ляльником або Красною гіркою.,
5 жов,,ЛИСТОПАДНИК -- 5 жовтня.,
29 сер,,"У цей день (16/29 серпня) йому клали на галявині скибку хліба з сіллю, пиріг або іншу жертву, щоб він не робив зла та не «водив» людей.",
4 жов,,"За народними віруваннями, 4 жовтня лісовик перестає бродити.",
29 жов,,ЛОГИНА-МИСЛИВЦЯ ДЕНЬ -- 29 жовтня.,
16 чер,,ЛУКА-ВІТРЯНИК -- 16 червня.,"К.Ураий-Ксхальми, «Некоторьїюс фольклорньвюс данньвюс о роли лука и строльт в свадебньх обрядах». Н.Весоловский, «Роль стрельг в обрядах и се символичоскос значенис»."
31 жов,,18/31 жовтня -- Лука-осінній лікує всі недуги.,"К.Ураий-Ксхальми, «Некоторьїюс фольклорньвюс данньвюс о роли лука и строльт в свадебньх обрядах». Н.Весоловский, «Роль стрельг в обрядах и се символичоскос значенис»."
26 тра,,ЛУКЕРІЯ-КОМАРНИЦЯ --- 13/26 травня.,
23 чер,,Вечір дня Аграпіни-купальниці (23 червня) присвячували збиранню цілющих трав.,
24 чер,,"Цього вечора, а також ранораненько на Купала (24 червня) чаклуни і відьми, не пивши 1 не івши, також відправлялися на поля, луки і ліси і шукали «сорок трав», які використовували на шкоду людям.",
4 сер,,МАКОВІЙ (Маковей) - - день 1/4 серпня (також свято Першого Спаса).,
1 кві,,"Маковія, бога врожаю, люди називали ще медово-маковим Спасом, а тому цього дня освячували мед, мак 1 квіти.","Був звичай на це свято виготовляти «маковійську квітку», або «маковійку»."
11 тра,,МАКСИМІВ ДЕНЬ -- 11 травня.,"О.Воропай, «Звичаї нашого народу», т."
30 чер,,МАНУЇЛІВ ДЕНЬ -- 30 червня.,
5 бер,,"Проганяють Кикимору 5 березня, коли прилітають із вирію шпаки.",
2 січ,,"Тому передбачливі бабусі на зорі (а це буває, за повір'ям, 2 січня) омивають наговірною водою одвірок, щоб загородити вхід непроханим гостям.",
1 сер,,"Ця панна буває водночас 1 сердитою царицею-водицею, 1 прекрасною супутницею богині води.","МАРЕНА (Морена, Марина) -- богиня, пов'язана із сезонними ритуалами умирання 1 воскресіння природи, а також обрядами викликання дощу. В Україні з давніх часів зберігся обряд, у якому напередодні Купальського свята роблять із соломи ляльку Купала -- часом у зріст людини, одягають на неї жіночу сорочку, плахту і вінок"
24 чер,,"290 Марену пошановували двічі на рік: перший раз -І березня, коли вона проганяє злу Зиму-Мару, і в ніч з 23 на 24 червня, коли вона стає найпрекраснішою супутницею бога Купала.","Календарньс обьнчай и обрядь... Потебня, «О мифических значений некоторьх обрядов и поверий», с.289; «О купальских"
8 тра,,Page 292 МАРКО БАГАТИЙ Марка вшановували також 8 травня.,
23 тра,,Велике свято Матері-Землі предки відзначали 10/23 травня збиранням цілющого зела.,
21 лип,,"Прокоптя (89/21 липня) вважається цілющим, також цілющі властивості має мед іллінський 1 зібраний на Здвиження.",ки залишками тіста від різдвяних обрядових випічок.
14 жов,,"Мед (празник, храм) -- свято, яке справляли у жовтні три рази: на Покрову (І / 14 жовтня), Божої Матері (22 жовтня /4 листопада), Параски (28 жовтня / 10 листопада).",
22 жов,,"Мед (празник, храм) -- свято, яке справляли у жовтні три рази: на Покрову (І / 14 жовтня), Божої Матері (22 жовтня /4 листопада), Параски (28 жовтня / 10 листопада).",
4 лис,,"Мед (празник, храм) -- свято, яке справляли у жовтні три рази: на Покрову (І / 14 жовтня), Божої Матері (22 жовтня /4 листопада), Параски (28 жовтня / 10 листопада).",
28 жов,,"Мед (празник, храм) -- свято, яке справляли у жовтні три рази: на Покрову (І / 14 жовтня), Божої Матері (22 жовтня /4 листопада), Параски (28 жовтня / 10 листопада).",
10 лис,,"Мед (празник, храм) -- свято, яке справляли у жовтні три рази: на Покрову (І / 14 жовтня), Божої Матері (22 жовтня /4 листопада), Параски (28 жовтня / 10 листопада).",
10 чер,,МИКИТИН ДЕНЬ -- 10 червня.,
19 гру,,Святкують Миколу Зимового (6 / 19 грудня) 1 Весняного (9 / 22 травня).,
22 тра,,Святкують Миколу Зимового (6 / 19 грудня) 1 Весняного (9 / 22 травня).,
8 тра,,Досить характерним було напередодні Миколиного дня відзначати «Миколиного батька» (8 травня 1 5 грудня).,
5 гру,,Досить характерним було напередодні Миколиного дня відзначати «Миколиного батька» (8 травня 1 5 грудня).,
21 лис,,На початку холодів (98/21 листопада) Миха приїжджає до людей на білому коні-- «справжню зиму приводить».,
24 чер,,"24 червня спостерігали за грою Місяця, у якого тоді буває свій празник: то ховається за хмари, то випливає з них, то змінює свій колір, і це вважалося знаменням доброго врожаю.",
25 бер,,Друга -- напередодні Благовіщення (25 березня / 7 квітня).,
7 кві,,Друга -- напередодні Благовіщення (25 березня / 7 квітня).,
27 вер,,Восьма -- Здвиженська (14/27 вересня).,
14 жов,,Дев'ята -- перед Покровою (1/14 жовтня).,
19 січ,,Дванадцята -- перед Водохрещами (6/19 січня).,
22 бер,,"Page 310 в  МІСЯЦЬ дня свого народження небом, Прийде, не забарившись, 22 березня (а то є день весняного рівнодення), сонечко Дажбогаз чарівною богинею кохання Лелею та її милим Ярилом до нього на гостини.",
5 Бер,,"ХУ 5 Березень 310 Слов'яни квітень називали ще цвітень, дзюрчальник, водолій, красенець, лелечник, вередун, обманщик, пустун, крапельник...",
13 кві,,Шати на ньому -- 13 квітів веселих.,
1 Тра,,"Якщо Березень, Квітень 1 Травень -- вродливі юнаки, то наступні три місяці -- сини Матері-Літа - середнього віку.",
22 лип,,Особливо в день ПеруниціБлискавиці (22 липня) остерігалися працювати в полі.,
22 вер,,"На рівнодення (22 вересня) приходить він до людей з жовтим листям, відлітаючими журавлями та павутинками Бабиного літа.",
21 жов,,Приходять до людей у поминальний день (21 жовтня) діди-прадіди.,
24 гру,,День зимового сонцестояння (24 грудня) - - найбільше свято для землі - - народини молодого Божича-Соння.,
24 тра,,МОКІЙ - - 11 /24 травня.,
25 жов,,"ЇЙ присвячували 12 празників у році (їх називали 319  дванадесятницями), із яких головними були дві сусідні п'ятниці (у проміжку між 25 жовтня і 7 листопада).","Мокоша -покровителька дощів та весняних обрядодійств, пов'язаних з ними, покровителька пологів 1 заступниця породіль."
7 лис,,"ЇЙ присвячували 12 празників у році (їх називали 319  дванадесятницями), із яких головними були дві сусідні п'ятниці (у проміжку між 25 жовтня і 7 листопада).","Мокоша -покровителька дощів та весняних обрядодійств, пов'язаних з ними, покровителька пологів 1 заступниця породіль."
30 лип,,"За повір'ям, 30 липня відьми впиваються коров'ячим молоком усмерть, 1 їх нічим не можна розбудити, хіба що палити їхні п'ятки соломою.",
9 лис,,"За повір'ям, Мороз приходить 9 листопада з Залізної гори.",
9 кві,,МОТРЯ-НАСТАВИЦЯ -- 9 квітня.,"Ритуальні функції, обряди і заборони, що стосуються мо"
22 лис,,22 листопада -- Зимова Мотря.,"Ритуальні функції, обряди і заборони, що стосуються мотузки, досить різнорідні."
24 лис,,"Якщо вона поставить зиму на ноги, Федір Студита (24 листопада) землю застудить, а сніг випаде вночі на мокру землю, то відкрито зимовий шлях до весни.","Ритуальні функції, обряди і заборони, що стосуються мотузки, досить різнорідні."
1 бер,,"Проганяють уроки замовлянням: «Помагаєш ти, вода явленая, очищаєш ти, вода явленая, і луги, 1 береги, і середину.",
8 вер,,НАТАЛЧИН ДЕНЬ -- 8 вересня.,
15 гру,,"НАУМ -- І / 15 грудня святкували день святого Наума-- покровителя розуму, знань і доброчинства.","О.Воропай, «Звичаї нашого народу», т.Ї, с.33."
24 бер,,"Коли хто бажає мати шапку-невидимку, то повинен знайти на Благовіщення (24 березня/7квітня) вужа, відрубати йому голову, взяти три горошини 1 закопати їх з головою вужа під покуттю.",
7кві,,"Коли хто бажає мати шапку-невидимку, то повинен знайти на Благовіщення (24 березня/7квітня) вужа, відрубати йому голову, взяти три горошини 1 закопати їх з головою вужа під покуттю.",
4 вер,,"НЕОПАЛИМА КУПИНА - - терновий кущ, оберіг від пожежі, 4 вересня у завершальне свято на честь Перуна, який у цей день замикає блискавку й грім та йде в свої небесні палати відпочивати, предки палили вогнища з тернового гілля, яке горить 1 не згоряє. Неопалима купина - терновий кущ, бачений Мойсеєм на горі Хорив, прообраз Пресвятої Діви Марії; таку назву має одна з чудотворних ікон Божої Матері, свято якої відзначається також 4 вересня.",
4 вер,,"ИНА - - терновий кущ, оберіг від пожежі, 4 вересня у завершальне свято на честь Перуна, який у цей день замикає блискавку й грім та йде в свої небесні палати відпочивати, предки палили вогнища з тернового гілля, яке горить 1 не згоряє. Неопалима купина - терновий кущ, бачений Мойсеєм на горі Хорив, прообраз Пресвятої Діви Марії; таку назву має одна з чудотворних ікон Божої Матері, свято якої відзначається також 4 вересня.",
27 жов,,НЕСТОРІВ ДЕНЬ -- 27 жовтня/9 листопада.,
9 лис,,НЕСТОРІВ ДЕНЬ -- 27 жовтня/9 листопада.,
24 гру,,НИКОНІВ ДЕНЬ - - 24 грудня.,
14 січ,,НОВИЙ РІК -- перше число першого місяця року; свято народження Місяця (1/14 січня).,
13 бер,,"Василя згадували 1 в інші дні року: 13 березня - Василь-крапельник; 4 квітня - - Василь-сонячний; а 24 серпня на честь Василя старалися прибрати стайні, кошари, клуні, стодоли, повітки.",
4 кві,,"Василя згадували 1 в інші дні року: 13 березня - Василь-крапельник; 4 квітня - - Василь-сонячний; а 24 серпня на честь Василя старалися прибрати стайні, кошари, клуні, стодоли, повітки.",
24 сер,,"Василя згадували 1 в інші дні року: 13 березня - Василь-крапельник; 4 квітня - - Василь-сонячний; а 24 серпня на честь Василя старалися прибрати стайні, кошари, клуні, стодоли, повітки.",
1 січ,,"У давній Україні рік спочатку починався І березня, з 1348 р.-- І вересня, з 1699 р, -- 1 січня.",
31 гру,,НОВОЛІТУВАННЯ --- 31 грудня.,"ОВОЛІТУВАННЯ О.Воропай, «Звичаї нашого народу», т."
24 лют,,"ОБЕРТІННЯ (Обернення, Оборотення, Обретіння) - день 24 лютого/9 березня.",
9 бер,,"ОБЕРТІННЯ (Обернення, Оборотення, Обретіння) - день 24 лютого/9 березня.",
29 чер,,"За поширеним уявленням, з Петрового дня (29 червня/Ідлипня) зозуля після року життя перевтілюється у яструба-перепелятника, після двох -- у звичайного яструба, а потім в орла.","За повір'ям, ластівки обертаються у жаб під водою, а летюча миша стає звичайною мишею на сьомому році життя. За поширеним уявленням, з Петрового дня (29 червня/Ідлипня) зозуля після року життя перевтілюється у яструба-перепелятника, після двох -- у звичайного яструба, а потім в орла."
19 січ,,"Власія -- - заступника худоби, свято якого відзначали 19 січня.","Подекуди обряд оборювання закінчувався добуванням «живого вогню», яким обкурювали домашню худобу. Таким вогнем запалювали свічки, відправляли молебень і після цього розносили його по хатах, у яких перед обрядом оборювання було погашено всі вогні. Власія (колишнього Велеса) приводили корів, особливо під час пошесті, і виконували своєрідні обряди моління. Звичай офірувати в період епідемії чорного кота, півня або щеня тримався аж до кінця ХІХ ст."
30 вер,,"30 вересня увечері молоді жінки спалювали свою солом'яну постіль -- одні в печі, інші в овинах (від недобрих очей).",
7 жов,,7 жовтня - - день ТекліЗагравниці.,
7 тра,,"ОВСПВ ДЕНЬ -- 7 травня, Цей день вважали придатним для сівби вівса, а також закликали землю і воду «відвідати муки-хвороби від кожної утроби».",
1 вер,,М.Гоголь у «Замітках по фольклору» пише: «..У Волинському окрузі в серпні 1 вересні закінчується збирання хлібів.,
26 сер,,"Після пшениці, жита і ячменю жнива завершуються вівсом в основному перед Наталією Овсяницею (у християн свято Адріана та Наталії 26 серпня / 8 вересня).",
8 вер,,"Після пшениці, жита і ячменю жнива завершуються вівсом в основному перед Наталією Овсяницею (у християн свято Адріана та Наталії 26 серпня / 8 вересня).",
1 вер,,Найпоширенішим типом огорожі вважається частоколовий: кремезні деревини (дуб чи сосна) кололи навпіл 1 вертикально вкопували в землю одну біля одної.,
6 лют,,ОКСАНИН ДЕНЬ -- 6 лютого.,
24тра,,ОЛЕНИН ДЕНЬ -- 24травня/3 червня.,
3 чер,,ОЛЕНИН ДЕНЬ -- 24травня/3 червня.,
26 лют,,ОНИСИМ-ВІВЧАРНИК --- 26 лютого.,
31 гру,,ОНИСІЯ-ШЛУНОЧНИЦЯ -- 31 грудня/13 січня.,
13 січ,,ОНИСІЯ-ШЛУНОЧНИЦЯ -- 31 грудня/13 січня.,
25 чер,,ОНУФРІЙ ПРЕПОДОБНИЙ -- 25 червня.,
18 лип,,18 липня також Опанаса.,"П.Чубинський, «Мудрість віків», кн.2, с.49, О.Воропай, «Звичаї нашого народу», т."
23 лис,,ОРЕСТІВ ДЕНЬ -- 23 листопада.,
10 лют,,ОХРІМІВ ДЕНЬ -- 10 лютого.,
20 лют,,"Коли хтось захворіє 20 лютого, тобто в день перелесника, то Йому клали під пахву кусок хліба і дивилися: якщо на ранок хліб засохне, то хворий неодмінно помре.",
27 лип,,"Палія (27 липня / 9 серпня) не можна жати, звозити в копи тощо; також постилися й молилися, щоб зберегти копи хлібів, які ще на ниві, а тому такі ниви тричі обходили.","«Звичаї нашого народу», т. Він блискавицею богагромовика карає тих, хто не шанує богів та не дотримується звичаїв."
9 сер,,"Палія (27 липня / 9 серпня) не можна жати, звозити в копи тощо; також постилися й молилися, щоб зберегти копи хлібів, які ще на ниві, а тому такі ниви тричі обходили.","«Звичаї нашого народу», т. Він блискавицею богагромовика карає тих, хто не шанує богів та не дотримується звичаїв."
26 жов,,"Вони здійснюються у суботу м'ясопусну, троїцьку, дмитрівську (26 жовтня), другу, третю і четверту седмиці Чотиридесятниці, а також у Фомин понеділок або вівторок 129 серпня.",Тоді робили тільки легку роб
12 гру,,Цей святий приходить 12 грудня.,"Тоді робили тільки легку роботу; а де в сім'ї була Параска, то там робити взагалі не можна було."
27 жов,,"Перше -- 14 / 27 жовтня («Преподобниці», «Параскиболотяної»).","Тоді робили тільки легку роботу; а де в сім'ї була Параска, то там робити взагалі не можна було."
10 лис,,"Друге свято Параски -- 235 жовтня / 10 листопада («Мучениці»), У цей день ніхто не працював, усі святкували.","Тоді робили тільки легку роботу; а де в сім'ї була Параска, то там робити взагалі не можна було."
17 тра,,ПЕЛАГІЇН ДЕНЬ - - 17 травня.,
12 гру,,"За свідченням О.Афанасьєва, у предків існував звичай водити в день сонцевороту (12 грудня) ведмедя одного або з козою.","За свідченням О.Афанасьєва, у предків існував звичай водити в день сонцевороту (12 грудня) ведмедя одного або з козою."
20 лип,,"У календарі ТУ ст., знайденому на Київщині, величезним колесом із шістьма спицями позначене 20 липня (Перунів день).Такі знаки часто розміщували на будівлях для захисту від блискавиць.",
1 бер,,"Почали греки ставити трапезу Роду і рожаницям, також римляни, навіть і до словен дійшло, Це ж словени почали трапезу ставити Роду 1 рожаницям, раніше їхнього бога Перуна, а ще раніше клали треби упирям 1 берегиням.",
20 лип,,В день Перуна -- 20 липня (у християн день св.,
22 лип,,22 липня справляли свято ПеруниціБлискавиці (Летениці).,
27 лип,,27 липня вшановували Паликопу -- вартового СВЯТКОВИХ ДНІВ.,
23 кві,,"У цей день (23 квітня) дорослі не мали права Їсти, не Їв і пастух, аж поки не виженуть худобу.","Воропай, «Звичаї нашого народу», т. ПЕРШИЙ ВИГІН ХУДОБИ -- весняний обряд, урочисте свято на честь бога родючості, сторожа полів та врожаїв Урай-Рая (св."
29 чер,,"Н.Велецкая, «Язьшческая символика..», с.16, ПЕТРІВКА, або Петрів день - - 29 червня/12 липня (у християн свято Петра Й Павла); останнє свято перед жнивами, Його називають «Петрівочка-голодівочка», а приповідки говорять: «Спасівка -- ласівка, а Петрівка -- голодівка»; «З Петрів дня красне літо, зелений покіс, зірниця зорить хліб» тощо.",
12 лип,,"Н.Велецкая, «Язьшческая символика..», с.16, ПЕТРІВКА, або Петрів день - - 29 червня/12 липня (у християн свято Петра Й Павла); останнє свято перед жнивами, Його називають «Петрівочка-голодівочка», а приповідки говорять: «Спасівка -- ласівка, а Петрівка -- голодівка»; «З Петрів дня красне літо, зелений покіс, зірниця зорить хліб» тощо.",
15 лис,,ПИГАСІВ ДЕНЬ - - 15 листопада.,
27 лис,,"ПИЛИШІВКА - - з 14 /27 листопада заступають Пилипівчані дні, 1 для дівчат втрачаються будь-які надії на заручини.",
1 вер,,"Головною ознакою того, що це дійсно підмінок, був невпинний плач 1 вередливість.","Підмінена дитина відрізнялася від звичайної надмірно великою головою, здутим животом, тонкими кривими ногами 1 руками."
29 сер,,"ПІСНИЙ ІВАН, Головостення, Головосіка-- день 29 серпня / 1 вересня (у християн це свято має назву Усікновіння голови Івана Предтечі).","О.Курочкін, «Українські новорічні обряди...», с.118, 205."
1 вер,,"ПІСНИЙ ІВАН, Головостення, Головосіка-- день 29 серпня / 1 вересня (у християн це свято має назву Усікновіння голови Івана Предтечі).","О.Курочкін, «Українські новорічні обряди...», с.118, 205."
27 вер,,"Отож Пісний Іван показує різним гадам зручні місця для зимівлі, де вони ховаються і засинають на Здвиження (14 / 27 вересня).","О.Курочкін, «Українські новорічні обряди...», с.118, 205."
24 гру,,День падіння Золотого Плуга на землю (24 грудня) став святом Сварога.,"Мабуть, відтоді на свято Щедрого вечора, у день народин Місяця виник обряд ходіння з плугом."
14 тра,,"ПЛЮЩИХА (Явдоха-Плющиха, Явдоха-Свистуха) - 1/14 травня.",
1 тра,,"Потім клали на вершину вінок із квітів 1 трав: одягали землю в щедроту, щоб 1 їм щедрилося.",
14 жов,,"ПОКРОВА -- свято 1/14 жовтня, коли земля «вкривається» на зиму і «лягає відпочивати».",
21 лис,,У деяких місцевостях полазників буває два: на Введіння (21 листопада / 4 грудня) 1 на Різдво.,"ПОЛАЗНИК -- у новорічній обрядовості дух щедрого бога Лада, який приносить людині щастя; втілений в образі «благовісника» -- маленького хлопчика, який в перший день Різдва Ходить до схід сонця вітати родичів чи найближчих сусідів зі святом."
4 гру,,У деяких місцевостях полазників буває два: на Введіння (21 листопада / 4 грудня) 1 на Різдво.,"ПОЛАЗНИК -- у новорічній обрядовості дух щедрого бога Лада, який приносить людині щастя; втілений в образі «благовісника» -- маленького хлопчика, який в перший день Різдва Ходить до схід сонця вітати родичів чи найближчих сусідів зі святом."
22 кві,,"Свято Лелі 1 Полеля відзначали напередодні Юрія Змієборця (22 квітня / 6 травня), а взагалі предки вшановували богів-близнят ще з МІ--У тис.",
6 тра,,"Свято Лелі 1 Полеля відзначали напередодні Юрія Змієборця (22 квітня / 6 травня), а взагалі предки вшановували богів-близнят ще з МІ--У тис.",
30 чер,,"ПОЛУПЕТРА - - 30 червня/13 липня, другий день після Петрівки.",
13 лип,,"ПОЛУПЕТРА - - 30 червня/13 липня, другий день після Петрівки.",
19 сер,,"Упіановували Літнього Посвистача (19 серпня), тоді гадали, чи буде гарний урожай вівса; і Осіннього Посвистача (20 вересня), якого звали ще Позвизд або Похвист.",
20 вер,,"Упіановували Літнього Посвистача (19 серпня), тоді гадали, чи буде гарний урожай вівса; і Осіннього Посвистача (20 вересня), якого звали ще Позвизд або Похвист.",
14 вер,,"Саме 1/14 вересня, у пору зустрічі осені-зими, з настанням півночі справляли обряди «Весілля свічки», «Женіння комина», «Запалювання посвіту» (у християн свято Семена Стовпника).","ПОСВІТ -- стародавній обряд гасіння «старого» вогню в оселях, а зі сходом Сонця -- запалювання «нового», «живого» вогню. Саме 1/14 вересня, у пору зустрічі осені-зими, з настанням півночі справляли обряди «Весілля свічки», «Женіння комина», «Запалювання посвіту» (у християн свято Семена Стовпника)."
15 сер,,"Цей піст триває з І по 15 серпня, до дня Успіння Божої Матері; 4) Різдвяний, або Пилипівський: від 15 листопада до 25 грудня - - до Різдва.",
15 лис,,"Цей піст триває з І по 15 серпня, до дня Успіння Божої Матері; 4) Різдвяний, або Пилипівський: від 15 листопада до 25 грудня - - до Різдва.",
25 гру,,"Цей піст триває з І по 15 серпня, до дня Успіння Божої Матері; 4) Різдвяний, або Пилипівський: від 15 листопада до 25 грудня - - до Різдва.",
14 вер,,Піст середи 1 п'ятниці дозволяється у седмицю після Великодня і після Трійці; дозволяється також у свята Різдва ї Хрещення; 2) день Воздвиження Хреста Господнього -- 14 вересня; 3) день Усікновіння голови Івана Предтечі - - 29 серпня; 4) надвечір'я Богоявлення Господнього -- Свята вечеря (сочельник) (Див.,"Воропай, «Звичаї нашого народу», т."
29 сер,,Піст середи 1 п'ятниці дозволяється у седмицю після Великодня і після Трійці; дозволяється також у свята Різдва ї Хрещення; 2) день Воздвиження Хреста Господнього -- 14 вересня; 3) день Усікновіння голови Івана Предтечі - - 29 серпня; 4) надвечір'я Богоявлення Господнього -- Свята вечеря (сочельник) (Див.,"Воропай, «Звичаї нашого народу», т."
1 чер,,"Page 390 ПОХОРОН землю, де з'їдають її прах, 1 хробаки, 1 черв'яки...",
6 сер,,У день Преображення (6 серпня) освячують плоди.,
9 вер,,"Саме в пору Бабиного літа, коли закінчувалися в селі тяжкі роботи, у ніч з 8 на 9 вересня майбутні молоді матері, прикрашені вінками та гірляндами з квітів, із запаленими смолоскипами підіймалися на Дівич-гору, щоб ушанувати Пречисту Діву та востаннє попрощатися з дівочим віночком -символом безтурботного життя.",
28 сер,,"Напередодні Третього Спаса, коли завершується 394 Спасів піст (15/28 серпня), настає Перша Пречиста (у християн -- свято Успіння Богородиці).",
21 вер,,Друга Пречиста (8 / 21 вересня) святкується через 24 дні після Першої.,
21 лис,,Свято Третьої Пречистої (у християн -- Введення Пречистої Богородиці у храм) відзначається знову ж через 24 дні (21 листопада / 4 грудня) після Другої Пречистої.,
4 гру,,Свято Третьої Пречистої (у християн -- Введення Пречистої Богородиці у храм) відзначається знову ж через 24 дні (21 листопада / 4 грудня) після Другої Пречистої.,
19 січ,,"Саме 48 днів становить період між Введенням (Третя Пречиста) та святом Богоявлення, або Водохрещею (6/19 січня).",
21 лип,,"І, с.96, ПРОКІП-ЖНИВАР - - 9/21 липня.","Его обьнчай, обрядьг...», с.57-66. В.Соколова, «Весенне-лстнис календарньтже обрядьш...», т."
12 бер,,"12 березня називали днем Прокопа-перезимника, бо тоді він дорогу руйнує: то заметами, то потічками.","О.Боряк, «Ткацтво в обрядах...», с.70."
25 лип,,ПРОКЛІВ ДЕНЬ - - 25 липня.,"О.Боряк, «Ткацтво в обрядах...», с.70."
28 жов,,Фото А.Похилюка Параскева-П'ятниця («П'ятниця-Льонарниця»; її день 28 жовтня/10 листопада).,
10 лис,,Фото А.Похилюка Параскева-П'ятниця («П'ятниця-Льонарниця»; її день 28 жовтня/10 листопада).,
22 бер,,"У день весняного рівнодення (22 березня), коли жайворонок славить перемогу весняного Сонця, вівсянка теж веселиться 1 радить усім: «Покинь сани, візьми віз, викинь шубу, з печі злізь».",
17 бер,,"Вважалося, що 17 березня граки заселяють ліс, і хто народився цього дня, буде турботливим господарем.","Л.Тульцсва, «Символика воробья в обрядах і обрядовом фольклорс»."
29 вер,,"В його день (15/29 вересня), відомий як «празник гусятників», б'ють гусей 1 стрижуть овечок.",День відльоту гусей звичайно приурочується до дня св.
15 вер,,"Щоб задобрити цього невмолимого дідуся, селяни вночі під 15 вересня, відкрутивши голову в гуся, кидали тулуб у річку.",
9 бер,,"Жайворонок своїм співом запрошував до польових робіт: «Сійте, оріте, боронуйте!»; «Кидай сани, бери воз та поїдем по навоз, будем гній возити, картоплю садити!» 9 березня на честь жайворонків, що цього дня прилітають з вирію, пекли до схід сонця «сорок пташків», виходили з ними на горбки, у сад чив поле і закликали весну.",
5 кві,,"Цього птаха запрошували найчастіше 5 квітня поклювати біля ганку зерно і крихти - - щоб хліб не виводився, то буде й добро в родині.",
11 гру,,"11 грудня відзначають день сойки, підгодовують її й питають про свою долю, бо ця «птаха всюди багато буває, про все добре знає, мало спить, про все сповістить».",
1 кві,,"В стороні стоїть висока тичка, яка знизу догори прикрашена зеленим гіллям 1 квітами; біля тої тички насаджені в коло кленові, липові та березові деревця.",
19 гру,,"Миколі, і був ритуальною стравою у Миколин день (6/19 грудня).",
23 вер,,"Наступний день становитиме уже 12 годин | хвилину, а ніч-- 11 годин 59 хвилин, У природі існує осіннє (23 вересня) та весняне (21 березня) рівнодення.",
21 бер,,"Наступний день становитиме уже 12 годин | хвилину, а ніч-- 11 годин 59 хвилин, У природі існує осіннє (23 вересня) та весняне (21 березня) рівнодення.",
1 чер,,"Про це свідчать численні роги-наліпи на посуді, ручки ложок 1 черпаків у вигляді рогів.",
25 гру,,"Від прадавніх часів так стало називатися велике свято різдва світла, яке за 12 священних ночей творення Всесвіту (25 грудня -- 6 січня), кожна з яких тривала 1000 років, подарувала нам богиня всього сущого Лада.","О.Курочкін, «Українські новорічні обряди...», с.59, 212-213; «Раститсльная символика...», с.149-151."
6 січ,,"Від прадавніх часів так стало називатися велике свято різдва світла, яке за 12 священних ночей творення Всесвіту (25 грудня -- 6 січня), кожна з яких тривала 1000 років, подарувала нам богиня всього сущого Лада.","О.Курочкін, «Українські новорічні обряди...», с.59, 212-213; «Раститсльная символика...», с.149-151."
25 гру,,"У Православній Церкві прихильниками свята Різдва Христового 25 грудня стали святі Василій Великий, Іоанн Златоуст, Нині Православна Церква відзначає це свято за юліанським календарем, тобто 7 січня.",
7 січ,,"У Православній Церкві прихильниками свята Різдва Христового 25 грудня стали святі Василій Великий, Іоанн Златоуст, Нині Православна Церква відзначає це свято за юліанським календарем, тобто 7 січня.",
1 бер,,"Це ж словени почали трапезу ставити Роду і рожаницям раніше їхнього бога Перуна, а ще раніше клали треби упирям 1 берегиням».","порівнюють Рода зі своїм верховним божеством, Богом-Отцем Саваофом (звичайно, на користь останнього): «Род, седя на воздусе мечеть на землю грудьт и в том рождаются дети..."
21 кві,,РОДІОН КРИГОЛОМ -- день 21 квітня.,
1 бер,,"Це ж словени почали трапезу ставити Роду 1 рожаницям, раніше їхнього бога Перуна, а ще раніше клали треби упирям 1 берегиням».",
24 чер,,Свято роси наші предки відзначали на Купала (24 червня).,"РОЗПЛЕТИНИ -- цей обряд проводили перед весіллям або в день весілля. Цей звичай символізував дівочу чистоту: розплітали косу рідні, а не чужі руки."
19 тра,,"РОСЕННИК (Горошник, Огірковий день) - - 19 травня.","ай, «Звичаї нашого народу», т."
20 лип,,"У народних обрядах на честь Перуна (20 липня / 2 серпня) носили молот, обмотаний гороховою соломою.","У народних обрядах на честь Перуна (20 липня / 2 серпня) носили молот, обмотаний гороховою соломою."
2 сер,,"У народних обрядах на честь Перуна (20 липня / 2 серпня) носили молот, обмотаний гороховою соломою.","У народних обрядах на честь Перуна (20 липня / 2 серпня) носили молот, обмотаний гороховою соломою."
26 тра,,Переважно це робили на Лукерію Комарницю -- 26 травня.,Переважно це робили на Лукерію Комарницю -- 26 травня.
1 лис,,Квіти 1 листя цієї рослини наділяли магічними властивостями.,
3 чер,,"У народі празничок, який припадає на 3 червня, відомий як льоносійка.",
31 гру,,Рослину шукали в ніч з 31 грудня на І січня на берегах рік та озер.,
15 сер,,"Прикрит-зілля, знане як оберіг від чарів та уроків у весільній обрядовості, збирали з 15 серпня по 1 листопада.","Прикрит-зілля, знане як оберіг від чарів та уроків у весільній обрядовості, збирали з 15 серпня по 1 листопада."
1 лис,,"Прикрит-зілля, знане як оберіг від чарів та уроків у весільній обрядовості, збирали з 15 серпня по 1 листопада.","Прикрит-зілля, знане як оберіг від чарів та уроків у весільній обрядовості, збирали з 15 серпня по 1 листопада."
5 вер,,РУДИЙ ЛУППА - - 5 вересня.,"О.Боряк, «Ткацтво в обрядах...», с.104."
1 бер,,"ів вил, їх же число три-дев'ять сестриниць, -називають окаянні невігласи і вважають |їх| богинями, і так кладуть Їм треби і короваї їм молять, курей ріжуть; і вогню моляться...» З цього тексту бачимо, що вили -- Те саме, що й берегині: їх, як 1 берегинь, три-дев'ять сестриниць (27), а вили у південних слов'ян - - це ті самі русалки у східних слов'ян.","визріли 1 дали багатий урожай, погода потрібна тиха, тепла, з невеликими дощами; а тому в деяких місцевостях проводили обряди проганяння або проводів русалок."
18 гру,,"Page 454 САВА -- веселе свято для пошлюблених, яке відзначалося 5/18 грудня.","У тих родинах, де був чоловік з таким іменем, справляли жартівливий обряд «похорону Савки»."
10 вер,,"Відоме також свято 10 вересня, коли вшановували скиртувальника Саву і скиртувальницю Анну, ЯКІ допомагали збирати снопи й складати їх біля стодоли.","Обряди, пов'язані з майбутнім урожаєм конопель, проводили також у день св."
27 вер,,27 вересня / 10 жовтня справляли Сави Пасічника.,"Обряди, пов'язані з майбутнім урожаєм конопель, проводили також у день св."
10 жов,,27 вересня / 10 жовтня справляли Сави Пасічника.,"Обряди, пов'язані з майбутнім урожаєм конопель, проводили також у день св."
2 жов,,"Цей день вважається останнім днем Божої десятини (встановлення вуликів у зимівники), початої 2 жовтня Зосимою.","Обряди, пов'язані з майбутнім урожаєм конопель, проводили також у день св."
24 гру,,Час народження кожного бога припадає на 24 грудня-зимове сонцестояння.,
25 гру,,Свято Сварога -- це Різдво світу (25 грудня).,
1 бер,,"З 1 березня починають дути весняні вітри, а тому в цей день кажуть: «Приїхала свистуля Євдокія».",
40 вер,,"Словник Б.Грінченка: «Змій своїм свистом за 40 верстов людей побивав»; «Як розвернеться на весну лист, то підемо всі У свист».","Свистом можна 1 приманювати змій, як це робили чаклуни."
23 вер,,"СВІТОВИД, Святовид, Всевид -- «бог богів», а заразом бог осіннього сонцевороту (23 вересня) та бог війни.",
6 гру,,"Миколу (6 грудня) цей святий відмикає зуби вовкам 1 випускає їх з лісу, доки 462 на Стрітення (2 лютого) Громнична Божа Мати не махне своєю свічкою, щоб вовки йшли назад.",
2 лют,,"Миколу (6 грудня) цей святий відмикає зуби вовкам 1 випускає їх з лісу, доки 462 на Стрітення (2 лютого) Громнична Божа Мати не махне своєю свічкою, щоб вовки йшли назад. Тому в день Громничної Божої Матері (теж 2 лютого) таку свічку виставляли у вікні.",
2 лют,,"Миколу (6 грудня) цей святий відмикає зуби вовкам 1 випускає їх з лісу, доки 462 на Стрітення (2 лютого) Громнична Божа Мати не махне своєю свічкою, щоб вовки йшли назад. Тому в день Громничної Божої Матері (теж 2 лютого) таку свічку виставляли у вікні.",
24 гру,,"СВЯТКИ -- І2 священних днів і ночей, які розпочинаються від Різдва (24 грудня / 6 січня) і закінчуються напередодні Водосвяття (6 / 19 січня).",
6 січ,,"СВЯТКИ -- І2 священних днів і ночей, які розпочинаються від Різдва (24 грудня / 6 січня) і закінчуються напередодні Водосвяття (6 / 19 січня).",
19 січ,,"СВЯТКИ -- І2 священних днів і ночей, які розпочинаються від Різдва (24 грудня / 6 січня) і закінчуються напередодні Водосвяття (6 / 19 січня).",
31 гру,,Святочні ворожіння відбувалися у Святі вечори (25--31 грудня) і у так звані Страшні вечори (1--6 січня).,
6 січ,,Святочні ворожіння відбувалися у Святі вечори (25--31 грудня) і у так звані Страшні вечори (1--6 січня).,
28 лип,,СВЯТО ВІТРІВ (вітрогон) -- 15/28 липня.,"Его обьтчай, обрядьі...», с.1-34, Б.Рьтбаков, «Язьтшество древних славян», с.208-511. А.Гура, «Символика животньх..», с.84, 133-135, 138-140 та ін, 30» 467 О.Боряк, «Ткацтво в обрядах..», с.76."
20 лип,,20 липня закінчувалися жнива.,"А.Гура, «Символика животньх..», с.84, 133-135, 138-140 та ін, 30» 467 О.Боряк, «Ткацтво в обрядах..», с.76."
14 вер,,"СЕМЕН ЛІТОПРОВОДЕЦЬ (Семенів день, Симона Стовпника) -- день 1/14 вересня.",
10 тра,,СЕМЕН-ОРАЧ -- день 10 травня.,"О.Боряк, «Ткацтво в обрядах...», с.73, 75."
12 сер,,"СИЛА -- день 12 серпня, коли найбільше відчувається животворна сила Матері-Землі.",Зі стародавніх часів слово «сила» вживається у значенні «багато»; «сила силенна» -- надзвичайно багато.
30 бер,,"Починали посів навіть з 17/30 березня (Теплий Олексій), але здебільшого при кінці місяця, від Благовіщення: «тоді Бог благословив».","Обов'язково молилися й виконували низку магічних обрядів: клали яйця у сівалку, підкидали їх (щоб жито і пшениця росли високими), насамкінець сіяч з'їдав їх на полі."
12 гру,,"Панування злих сил триває не далі 12 грудня, коли Сонце повертає на літо, і цей день у народі називають сонцеворотом. Аби допомогти Сонцю, люди розпалювали вогнища в ніч на 12 грудня, починали варити пиво і з цього часу кожного дня відкладали по одному поліну -- так, щоб напередодні","ес-летнис календарньюе обрядь..», с.229, 253."
12 гру,,"Панування злих сил триває не далі 12 грудня, коли Сонце повертає на літо, і цей день у народі називають сонцеворотом. Аби допомогти Сонцю, люди розпалювали вогнища в ніч на 12 грудня, починали варити пиво і з цього часу кожного дня відкладали по одному поліну -- так, щоб напередодні Різдва їх було дванадцять; цими полінами 1 розпалювали піч на Свят-вечір.",
22 гру,,"СОНЦЕСТОЯННЯ, У природі існує зимове сонцестояння (22 грудня), коли день становить 3 годин, а ніч 16; та літнє (22 червня): ніч 8, адень-- 16 годин.",
22 чер,,"СОНЦЕСТОЯННЯ, У природі існує зимове сонцестояння (22 грудня), коли день становить 3 годин, а ніч 16; та літнє (22 червня): ніч 8, адень-- 16 годин.",
22 бер,,Цих вісників весни люди особливо виглядали 9/22 березня.,
14 сер,,Перший Спас (1/14 серпня; Маковія) називали Спасів день.,"Цієї пори був звичай ходити всім людом до річки чи озера освячувати воду, після чого всі купалися 1 купали худобу, щоб очиститися та уберегтися від хвороб, особливо пропасниці."
19 сер,,Особливо вшановували другий прихід Спаса (6/19 серпня; Преображення Господнє).,"Цієї пори був звичай ходити всім людом до річки чи озера освячувати воду, після чого всі купалися 1 купали худобу, щоб очиститися та уберегтися від хвороб, особливо пропасниці."
20 лип,,Подібно до цього і вода в озерах та ставках в певний період вважається нечистою -- від свята Перуна (Іллі) (20 липня/2 серпня) до Водохрещі (6/19 січня).,"Кусаючи перше освячене яблуко, примовляли: «Думу міцну надумую, думу трудну заклинаю, по Другому Спасу хай збудеться...» Тож традиційно свіжі плоди в народі споживали лише в період від Спаса до Різдва або Водохрещі."
2 сер,,Подібно до цього і вода в озерах та ставках в певний період вважається нечистою -- від свята Перуна (Іллі) (20 липня/2 серпня) до Водохрещі (6/19 січня).,"Кусаючи перше освячене яблуко, примовляли: «Думу міцну надумую, думу трудну заклинаю, по Другому Спасу хай збудеться...» Тож традиційно свіжі плоди в народі споживали лише в період від Спаса до Різдва або Водохрещі."
19 січ,,Подібно до цього і вода в озерах та ставках в певний період вважається нечистою -- від свята Перуна (Іллі) (20 липня/2 серпня) до Водохрещі (6/19 січня).,"Кусаючи перше освячене яблуко, примовляли: «Думу міцну надумую, думу трудну заклинаю, по Другому Спасу хай збудеться...» Тож традиційно свіжі плоди в народі споживали лише в період від Спаса до Різдва або Водохрещі."
29 сер,,"А після третього вшанування Спаса (16/29 серпня), який називали Третім, Малим Спасом, настає пора Спасові повертатися до вирію.",
22 гру,,"22 грудня Спиридон плечима підпирає небо, щоб Сонце повертало на літо.","Его обьмчай, обрядьт...», с.88-105."
15 сер,,СТЕПАН-СІНОКІС -- 15 серпня.,
10 кві,,10 квітня цей вінок утрачав СТІЛ 505 силу.,
26 лип,,Степанів день відзначали також 26 липня.,
9 вер,,"Ці «рукасті» стовпи у просторих трапезних, які вміщували не одну сотню людей на бенкетах, символічно зображали, як вважають історики, тих двох рожаниць, на честь яких 9 або 9 вересня наповнювали черпала і співали тропар Різдва Богородиці.",
6 січ,,"Вважалося, що ворожіння у Страшні вечори (1--6 січня, під час Святок) найчастіше збуваються, якщо, звичайно, гадальник виконує всі необхідні умови: ворожить без хреста, без паска 1 без молитви.","Вважалося, що ворожіння у Страшні вечори (1--6 січня, під час Святок) найчастіше збуваються, якщо, звичайно, гадальник виконує всі необхідні умови: ворожить без хреста, без паска 1 без молитви."
14 лип,,Свято бога вітрів відзначали 14 липня (день св.,
15 лют,,Головним дійством у цей день (2/15 лютого) було освячення вогню і води; стрітенські свічки вважалися чарівними й мали назву громничних.,"Н.Сумцов, «Символика славянских обрядов», с.18, 78."
25 гру,,"У день сонцевороту (12 / 25 грудня) ведмідь повертається у своєму барлозі з одного боку на другий, 13 цього часу «Зима починає ходити у ведмежій шкурі».",
27 вер,,На Здвиження (14 / 27 вересня) ведмідь лягає у барліг.,
24 січ,,"Серед зими на Оксану Веснопровісницю (24 січня / б лютого) або на Спиридона Сонцеворота (12 / 25 грудня) він повертається в барлозі на інший бік, а встає на Благовіщення (25 березня /7 квітня) або у день Водяника (11 /25 квітня).",
25 гру,,"Серед зими на Оксану Веснопровісницю (24 січня / б лютого) або на Спиридона Сонцеворота (12 / 25 грудня) він повертається в барлозі на інший бік, а встає на Благовіщення (25 березня /7 квітня) або у день Водяника (11 /25 квітня).",
25 бер,,"Серед зими на Оксану Веснопровісницю (24 січня / б лютого) або на Спиридона Сонцеворота (12 / 25 грудня) він повертається в барлозі на інший бік, а встає на Благовіщення (25 березня /7 квітня) або у день Водяника (11 /25 квітня).",
7 кві,,"Серед зими на Оксану Веснопровісницю (24 січня / б лютого) або на Спиридона Сонцеворота (12 / 25 грудня) він повертається в барлозі на інший бік, а встає на Благовіщення (25 березня /7 квітня) або у день Водяника (11 /25 квітня).",
25 кві,,"Серед зими на Оксану Веснопровісницю (24 січня / б лютого) або на Спиридона Сонцеворота (12 / 25 грудня) він повертається в барлозі на інший бік, а встає на Благовіщення (25 березня /7 квітня) або у день Водяника (11 /25 квітня).",
15 лют,,"За уявленнями гуцулів, ведмідь виходить із барлогу на Стрітення (2 / 15 лютого) подивитися на Сонце, що «народжується».",
14 бер,,"Якщо у цей день (або на Явдоху Плющиху, І / 14 березня) він побачить свою тінь,  Ведмідь.",
30 бер,,"то повертається у барліг і спить ще шість тижнів (до Теплого Олексія, 17 / 30 березня), тому що ще сорок днів буде холодно.",Календарнь обьтчаий и обрядь... Календарнье обьшчай и обрядьг...
24 чер,,"два рази на рік - - на Іванів день (24 червня / 7 липня) та Щоб не було вошей, їх не можна рахувати, не можна восени на Здвиження (14 / 27 вересня) або на Покрову прати сорочку в четвер і коли Місяць уповні, не можна (П / 14 жовтня).",
7 лип,,"два рази на рік - - на Іванів день (24 червня / 7 липня) та Щоб не було вошей, їх не можна рахувати, не можна восени на Здвиження (14 / 27 вересня) або на Покрову прати сорочку в четвер і коли Місяць уповні, не можна (П / 14 жовтня).",
27 вер,,"два рази на рік - - на Іванів день (24 червня / 7 липня) та Щоб не було вошей, їх не можна рахувати, не можна восени на Здвиження (14 / 27 вересня) або на Покрову прати сорочку в четвер і коли Місяць уповні, не можна (П / 14 жовтня).",
14 жов,,"два рази на рік - - на Іванів день (24 червня / 7 липня) та Щоб не було вошей, їх не можна рахувати, не можна восени на Здвиження (14 / 27 вересня) або на Покрову прати сорочку в четвер і коли Місяць уповні, не можна (П / 14 жовтня).",
23 бер,,"Навесні ж, 23 березня, в день весняного їсти, коли шукають у голові.",
1 тра,,"Адже саме змії навчили людину пізнавати цілющі властивості рослин, розуміти мову квітів 1 трав.",
23 бер,,"Змій зустрічали навесні 23 березня (в день весняного рівнодення), бо вірили, що вони сприятимуть господарським роботам, та проводжали під землю на Здвиження (14 / 27 вересня).",
27 вер,,"Змій зустрічали навесні 23 березня (в день весняного рівнодення), бо вірили, що вони сприятимуть господарським роботам, та проводжали під землю на Здвиження (14 / 27 вересня).",
1 кві,,"Подібно до дракона, у деяких народів фенікс символізує весь Космос: у нього голова півня (Сонце), спина ластівки (символ збільшення Місяця), його крила --- вітер, хвіст - - дерева 1 квіти, його ноги - Земля.",
30 бер,,"ТЕПЛИЙ ОЛЕКСА -- так називають день святого Олекси, чоловіка Божого (17/30 березня).",
4 лют,,4 лютого: Тимофій Напівзимник.,
6 бер,,6 березня -- Тимофій Весновій -провісник тепла: «теплом віє -- старих гріє».,
22 чер,,"Вважалося, що 22 червня Тимофій по землі примари розпускає, і тоді можна дізнатися про те, що принесе тобі літо, Та коли свій заговір-замову забудеш, то примара нічого тобі не повідає, а то Й поміняється з тобою життям.",
7 вер,,ТИТ ЛИСТОПАДНИК 7 вересня.,
29 чер,,ТИХОНІВ ДЕНЬ -- 16/29 червня.,
16 чер,,"Учені встановили, що справді з 16 червня 1 до кінця місяця Земля зменшує свої оберти навколо Сонця порівняно зі швидкістю в січні.",
14 лют,,"ТРИФОНІВ ДЕНЬ (Перезимник, Зірчастий) - - 1/14 лютого.",
21 жов,,21 жовтня -- Трифона 1 Пелагії.,
19 жов,,"Л.Виноградова, «Троица», с.375-377; «Мифологический аспект...» ТРОХИМІВ ДЕНЬ - -2/19 жовтня.","В.Соколова, «Весенне-летниє календарньс обрядьг...» С.Авсринцев, «Троица», с.550."
14 вер,,"Трохим начебто стояв на півдорозі між двома святами: Семена (14 вересня), коли вже можна було засилати сватів, та Покрови (14 жовтня), коли годилося справляти весілля.","ова, «Весенне-летниє календарньс обрядьг...» С.Авсринцев, «Троица», с.550."
14 жов,,"Трохим начебто стояв на півдорозі між двома святами: Семена (14 вересня), коли вже можна було засилати сватів, та Покрови (14 жовтня), коли годилося справляти весілля.",
23 вер,,У пізніші часи Троян доручив богу Світовиду бути опікуном Сонця в день осіннього рівнодення (23 вересня).,"У народі збереглися звичаї: тричі кланятися, тричі цілуватися, тричі вибачатися, тричі благословляти в далеку дорогу, тричі піднімати іменинника 1 труну з покійником."
5 лип,,Page 549 УЛЯНИН ДЕНЬ -- 5 липня.,
23 кві,,"Небесна роса надає здоров'я і худобі, яку саме на Юрія (23 квітня/б травня, сімнадцятий тиждень після Різдва) виганяли на пасовище, а тому ніяка відьма не може нашкодити  Юрій Змієборець.",
26 жов,,"великомученика Димитрія, 26 жовтня / 8 листопада).",
8 лис,,"великомученика Димитрія, 26 жовтня / 8 листопада).",
14 чер,,УСТИНІВ ДЕНЬ (Устин- -Харитін) -- 14 червня.,"Его обьгчай, обрядьт...», с.279."
24 січ,,"Устин і Харитін будуть такими, якими велів Їм бути старший брат Григорій (24 січня).",
29 тра,,ФЕДІР ЖИТНИК -- 29 травня.,"О.Курочкін, «Українські новорічні обряди...», с.151. І.Вслицька, «Тсатральні елементи в традиційній обрядовості...», с.19."
21 тра,,21 травня - - Федір Колодязник.,"О.Курочкін, «Українські новорічні обряди...», с.151. І.Вслицька, «Тсатральні елементи в традиційній обрядовості...», с.19."
24 лис,,ФЕДІР СТУДИТА - - 24 листопада.,"О.Курочкін, «Українські новорічні обряди...», с.151. І.Вслицька, «Тсатральні елементи в традиційній обрядовості...», с.19."
24 вер,,ФЕДОРА ЗАМОЧИ ХВОСТИ -- 11/24 вересня.,
15 бер,,ФЕДОТІВ ДЕНЬ -- 15 березня/2квітня.,
2кві,,ФЕДОТІВ ДЕНЬ -- 15 березня/2квітня.,
31 тра,,31 травня --- Федот Вівсяник.,
20 лис,,"20 листопада --- «Федот кригу на кригу наганяє, недбайливого господаря хоч тепер до праці підганяє».",
18 кві,,ФЕДУЛІВ ДЕНЬ -- 18 квітня.,
31 сер,,ФРОЛКИ -- 13/31 серпня: день Флора (Фрола) і Лавра -- покровителів коней.,"Его обьтчаий, обрядьт...», с.281."
29 бер,,29 березня відзначали день Хрестопоклоніння.,"Це робили у дні весняного рівнодення, тобто на язичницьку Масницю, про що свідчить рівносторонність хрестів."
12 тра,,"12 травня був звичай замовляти від дев'яти напастей: щоб кров не сушили, по жилах не ходили, пухлин не наводили, кісток не ломили, суглобів не крутили іт.","12 травня був звичай замовляти від дев'яти напастей: щоб кров не сушили, по жилах не ходили, пухлин не наводили, кісток не ломили, суглобів не крутили іт."
9 бер,,"В день 40 мучеників, 9 березня, прилітають сороки їі жайворонки, тому в цей день пекли з тіста 40 жайворонків.","У циклі обрядового поминання покійника, окрім третього та дев'ятого днів, значиться також 40-й день по смерті, 40 днів вважається одним кроком Сонця в галактичному просторі."
19 вер,,За народним календарем 19 вересня відзначали «Чудо».,
2 січ,,"З'являються, за народними віруваннями, з води 2 січня і Йдуть назад під воду на Водохрещу.","О.Боряк, «Ткацтво в обрядах...», с.65."
25 бер,,Свято Шума відзначали 25 березня в день пробудження Матері-Землі.,
1 гру,,"Ніч з 3 1 грудня на І січня - народження Місяця, вірного побратима Сонця.",
1 кві,,Уявлення про Юду також пов'язане із «чорними днями»: у лужичан і поляків таким днем вважається 1 квітня - - в цей день народився Юда.,
23 кві,,"ЮРІЙ ЗМІЄБОРЕЦЬ (Юрай-Рай, Ирій, Єгор, Георгій Побідоносець, Юрій Побідник, Єгорій Хоробрий) - персонаж давньої міфології та фольклору, пізніше християнський святий, день якого відзначається 23 квітня / б травня.","Миколою, надзвичайно популярним на півночі східнослов'янського світу."
1 кві,,Юрія листям 1 квітами заквітчували молодого юнака.,"Воно завершувало цілу низку аграрно-магічних обрядів, пов'язаних із заклинанням родючості природи. Зустріч весни, перша оранка під ярові, посів ярових, перший вигін худоби -- ось комплекс весняних обрядів, пов'язаних з іменами богині Всесвіту Лади та її доньки Лелі. У супроводі дівчат, які виконували обрядові пісні, виходили на хлібні поля."
28 жов,,ЮХИМІВ ДЕНЬ -- 28 жовтня.,
2 лют,,2 лютого -- Юхим-зимовий.,
14 бер,,ЯВДОХИ --- перший день весни (| / 14 березня).,
17 сер,,"Летіть, соловейки, на нашу земельку, спішіть, ластівоньки, пасти корівоньки, летіть, сизокрилі, - - ви всі нам милі...» 17 серпня -- Явдоха-Сіногнійка.",
6 кві,,ЯКОВА ДЕНЬ -- 6 квітня.,"О.Боряк, «Ткацтво в обрядах...», с.66. О.ЩШокало, «Річне обрядове коло», с.40. В.Соколова, «Весеннс-летние календарньвюс обрядьг...», с.112, 113, 145-148, 158, 159."
22 жов,,"22 жовтня -- «Яків білу крупу на землю посилає, день карнає».","О.Боряк, «Ткацтво в обрядах...», с.66. О.ЩШокало, «Річне обрядове коло», с.40. В.Соколова, «Весеннс-летние календарньвюс обрядьг...», с.112, 113, 145-148, 158, 159."
13 тра,,Славили Якова 1 13 травня.,"О.Боряк, «Ткацтво в обрядах...», с.66. О.ЩШокало, «Річне обрядове коло», с.40. В.Соколова, «Весеннс-летние календарньвюс обрядьг...», с.112, 113, 145-148, 158, 159."
14 тра,,14 травня -- Ярема Запрягальник.,
19 лип,,"19 липня на пожертву Яремі розкидали соковиту траву мокрець за окраїною, обходили село довкруг, ніби замикаючи цим землю, щоб він леліяв урожай у полі, на городі й у саду.",
4 чер,,відзначалося завжди в один і той же день - - 4 червня (на календарі зображене деревцем).,Це особливо виявлялося в обряді похоронів цього божества.
30 чер,,"З 4 по 30 червня відбувалися різні молодіжні забави та ігрища, а насамкінець улаштовувались веселі проводи Ярила, бо тоді Ярило повертає Сонце на зиму, а сам втрачає свою «припікаючу» силу.",Це особливо виявлялося в обряді похоронів цього божества.
27 вер,,"За народними віруваннями, його рідко можна побачити, переважно на Здвиження (14/27 вересня), коли гаддя перед сплячкою востаннє повзає.",
9 бер,,"Свято Весни, або Воскресіння 9 березня Вшанування Матері-Землі.",
20 бер,,Освячення верби Неділя перед Великоднем 13-20 березня Березень Навський Великдень.,
25 бер,,Перше велике свято бога Трояна (день весняного рівнодення) 25 березня Благовіщення.,
3 бер,,"Зустріч Лелі, Ярилата Марени 1-3 березня Початок закличок весни      Свято Великої Матері Лади Ярило.",
23 кві,,"Вшанування Орія 23 квітня - - 23 травня після Великодня"" З четверга починаються Зелені свята Солов'їний Великдень.",
23 тра,,"Вшанування Орія 23 квітня - - 23 травня після Великодня"" З четверга починаються Зелені свята Солов'їний Великдень.",
27 лип,,Похорон Ярила Літній Стрибог 20-27 липня Перунів тиждень 20 липня Літній Перун 22 липня Літня Перуниця. Свято Блискавиці 27 липня Паликопа.,
20 лип,,Похорон Ярила Літній Стрибог 20-27 липня Перунів тиждень 20 липня Літній Перун 22 липня Літня Перуниця.,
22 лип,,Похорон Ярила Літній Стрибог 20-27 липня Перунів тиждень 20 липня Літній Перун 22 липня Літня Перуниця.,
27 лип,,Похорон Ярила Літній Стрибог 20-27 липня Перунів тиждень 20 липня Літній Перун 22 липня Літня Перуниця. Свято Блискавиці 27 липня Паликопа.,
16 сер,,Вшанування Чура 1-16 серпня Спасівка Ї серпня Перший Спас     6 серпня Другий Спас 16 серпня Третій Спас 620,
6 сер,,Вшанування Чура 1-16 серпня Спасівка Ї серпня Перший Спас     6 серпня Другий Спас 16 серпня Третій Спас 620,
16 сер,,Вшанування Чура 1-16 серпня Спасівка Ї серпня Перший Спас     6 серпня Другий Спас 16 серпня Третій Спас 620,
27 вер,,"Друге велике свято врожаю (день осіннього рівнодення) 27 вересня Осіння Пасіка, свято пасічників І жовтня Осіннє свято Матері-Землі.",
26 жов,,Мати Слава (Покрова) Субота перед 26 жовтня?,
28 жов,,"Осіннє свято Місяця-Молодика П'ятниця, найближча Друге вшанування богині Мокоші до 28 жовтня"" вято Сварога.",
22 гру,,"День Плуга, ковальське свято иха, мисливське свято рочун вято Долі лета вято Велеса (Діда Мороза) Третє велике свято бога Трояна (день зимового сонцестояння) 22 грудня Святий вечір.",
1 кві,,"Іван Огієнко (у церковному сані митрополит Іларіон) ніби доповнює: «Світогляд автора був чисто анімістичний -- уся природа в «Слові» жива, горю людини тут співчувають 1 квітка, і дерева, і птахи, 1 людина тут говорить з природою, як з ЖИВОЮ істотою».",
25 бер,,"Про нього дізнаємося з зеленосвятських закличних пісень, його свято відзначалося 25 березня в день пробудження Матері-Землі.","Ще не так давно люди запрошували Колодія до себе на гостини, а жіноцтво справляло своєрідне обрядодійство - - «колодку» --- СИМВОЛ продовження роду, а також частки Світового дерева."
23 гру,,Свято Сварога --- це Різдво світу (23 грудня).,
20 лип,,20 липня молилися біля старезних дубів.,"в до християнської релігії - - посвячену на Водохрещу джерелицю й дотепер використовують у багатьох обрядових дійствах. вшановувався в ритуальних обрядах, пов'язаних з водою."
22 лип,,22 липня справляли свято Перуниці-Блискавиці (Летениці).,
27 лип,,27 липня вшановували Паликопу.,
